ID,CERTIFICATE_ID,USER_ID,VALID_FROM,VALID_TILL,STATUS,CREDENTIAL_ID
2,1,365,2023-08-08,2025-08-08,Approved,e82e1710-6bc6-4079-a251-68a66e5ffd73
3,2,141,2023-09-14,2025-09-14,Rejected,9e2b7197-7aa7-4220-bd00-485c12a20815
4,14,73,2023-05-03,2025-05-03,Approved,e52cc688-a353-47a9-b746-33f7a9bc8fe2
5,12,216,2023-11-24,2025-11-24,Approved,8966136d-1724-4d13-a2d5-55cd88d5f96e
6,31,234,2024-02-24,2026-02-24,Rejected,03d910eb-da21-44a1-978a-a5c6e6b11797
7,40,454,2023-12-17,2025-12-17,Approved,fbe04f6f-2778-40f9-a65b-b12af8880c0f
8,42,101,2023-07-08,2025-07-08,Approved,22401f97-e904-42f0-9740-76a16ca98e9e
9,38,101,2023-05-01,2025-05-01,Pending,d050022f-0ee7-4c37-8e38-c8a56d15f87c
10,34,32,2023-12-11,2025-12-11,Approved,d37a78c2-5f3a-4a4e-96ab-7ca3eb23909f
11,21,157,2023-08-25,2025-08-25,Pending,9227803f-2324-402e-a96a-a46b9e702625
12,30,67,2024-02-08,2026-02-08,Rejected,a74860bd-4cc6-40e4-9e09-085fbbf74f6f
13,32,129,2023-04-19,2025-04-19,Pending,90000eb2-e41d-401a-973e-47456a987f42
14,9,185,2023-11-04,2025-11-04,Rejected,3b686d5b-b35f-446d-ac1a-480a00d3bbd3
15,35,398,2023-08-18,2025-08-18,Pending,7ccb7c3f-6b5c-4207-88d7-73d82ec1e56f
16,16,427,2024-02-18,2026-02-18,Rejected,6a7b5112-7a7e-4f84-abcb-b20f53b8abd5
17,39,467,2023-12-30,2025-12-30,Pending,1cdc78c0-aca3-4a0e-840b-4e0008b1ede5
18,49,388,2024-02-07,2026-02-07,Approved,f0778270-17d6-41b0-8d40-badd692b9da6
19,28,158,2024-03-18,2026-03-18,Rejected,eb56edba-5a32-45fd-b0a3-24179c78ef44
21,10,246,2024-01-10,2026-01-10,Pending,98c6b553-132d-489a-89dd-1cb89a7ba568
24,45,94,2023-11-10,2025-11-10,Rejected,6e9d7b5a-b05d-4d30-9c96-97d6075f8ea0
25,24,271,2023-06-22,2025-06-22,Rejected,13730dc0-9783-4e49-986f-98ebb1614786
27,6,202,2023-10-06,2025-10-06,Pending,202febcf-5ea9-410e-8bc0-c7ea1759b949
28,23,489,2023-04-20,2025-04-20,Pending,4e576124-9365-486f-8925-90a841c21981
29,18,467,2024-01-16,2026-01-16,Approved,be79b2a0-fe76-4597-b8e5-2b8920d09052
30,25,408,2023-06-18,2025-06-18,Approved,0bda4731-3e7c-4332-8cee-b734dc1183a3
31,40,247,2024-02-02,2026-02-02,Rejected,380e8072-5b15-4731-94f7-d76bd1105f15
32,34,420,2023-05-13,2025-05-13,Pending,ba6dbdf2-2499-4718-8032-24a8d51e56ee
33,11,168,2024-03-20,2026-03-20,Pending,52f16619-0a1e-4abe-88c0-c65bc60ab7d9
34,49,379,2023-12-25,2025-12-25,Pending,30b7b4f6-94d0-4224-9fbc-1881dfc340f7
35,17,389,2023-06-21,2025-06-21,Approved,245e80b3-f348-4825-8580-1cf38d175447
36,7,126,2023-07-31,2025-07-31,Rejected,4031e01e-4719-41cd-a9d8-9aa29e4bf0b2
37,36,181,2023-10-03,2025-10-03,Rejected,aad63737-76c8-49b9-be35-5be45e60d85e
38,22,13,2023-06-27,2025-06-27,Approved,6383a125-59b1-486c-a26e-0ec2458d9cad
40,31,238,2023-11-20,2025-11-20,Approved,b04848ac-b731-458a-8018-81ecbfba5296
41,39,459,2023-06-04,2025-06-04,Rejected,3ac9d473-8292-43c0-ba0d-6afd319c3a88
42,41,185,2023-09-09,2025-09-09,Approved,5e806526-6bd4-477b-bb2d-ad4eed8ea317
43,49,258,2023-12-22,2025-12-22,Rejected,c0a13086-808d-4af6-8247-3036dddd0b04
44,24,100,2023-08-24,2025-08-24,Rejected,1c1b2d89-cb7a-44c1-845a-761a7ad6cef5
45,29,41,2023-11-02,2025-11-02,Rejected,b67fd431-4b1a-4162-b17a-54cbf9d080ae
47,44,181,2023-05-29,2025-05-29,Approved,259d0842-821a-4f6d-9883-b43c44103b75
48,11,223,2023-05-18,2025-05-18,Pending,38b4146f-e079-437d-a00a-15a665beb720
49,45,217,2023-09-07,2025-09-07,Pending,784712ee-88ba-4af2-ba76-e1b3638ce872
50,48,222,2023-09-02,2025-09-02,Pending,dd6417ca-be5b-4959-823d-dbd901cdeb72
51,15,343,2024-03-21,2026-03-21,Pending,85341ef9-f9cc-4009-b535-1e988bb996f5
52,12,83,2023-05-13,2025-05-13,Rejected,5b1ab0bd-53af-46b9-b259-2ffa0d1e5911
53,6,168,2024-03-09,2026-03-09,Rejected,f557fd4e-7ef2-4380-abe2-f270f8583c3c
54,20,367,2023-10-28,2025-10-28,Pending,34f02cb7-458f-434a-bc2a-3b67164cf6f1
55,25,234,2023-04-10,2025-04-10,Approved,801058ec-a827-4e87-936e-2f484f426cde
56,47,324,2024-02-08,2026-02-08,Approved,4a6ecaf0-b978-4192-991c-623ef3f90aec
57,23,287,2023-06-24,2025-06-24,Approved,12bca7d5-3f6c-4b52-ac83-a7e11de879b6
58,31,378,2023-06-22,2025-06-22,Pending,bf79e63d-7bdc-4ede-9242-acc3b9b3f2a6
59,28,468,2023-07-21,2025-07-21,Pending,f9c69d63-c2f9-4ca9-9b8d-495a99c11811
60,36,120,2023-06-18,2025-06-18,Rejected,596ad8b6-f190-48ad-87c6-60fc070b0e03
61,30,60,2023-07-23,2025-07-23,Approved,1dab00c1-ff76-449d-82e6-18fccda64d07
62,38,58,2023-09-04,2025-09-04,Approved,0e5876b3-9b48-4b41-bc27-180e061e9d15
63,9,420,2024-01-18,2026-01-18,Approved,374ee7ca-c47d-4f4d-a021-7520d380c901
64,5,182,2024-01-24,2026-01-24,Rejected,05d8c031-7699-46dd-bbeb-5ac639c1664e
65,26,99,2023-10-28,2025-10-28,Rejected,e02a43b1-978d-4cbc-9418-baceba61a372
67,17,80,2024-02-10,2026-02-10,Approved,9fdd3351-f534-4c8f-983a-17a21a147fe8
68,50,110,2023-08-14,2025-08-14,Approved,9bfafa62-674c-45fd-ae86-465b557555ee
69,38,234,2024-01-08,2026-01-08,Rejected,264f4fe2-4ac3-4760-b674-26b12303a42f
70,27,463,2023-08-02,2025-08-02,Approved,7f12a4f2-a236-4976-9da8-e6cbc726eea9
71,10,168,2024-01-29,2026-01-29,Approved,d3bd1e78-0156-4a64-ac0f-307eb109eb44
72,32,362,2023-05-07,2025-05-07,Pending,3cb39a43-10ec-4a3c-ab81-727a15de8ff9
73,30,381,2023-10-24,2025-10-24,Pending,9c4540c1-aba3-4203-9dd4-6fa031237330
74,49,452,2023-09-29,2025-09-29,Pending,c7b11e19-0e42-49b7-b36f-1bf7c7d41fc4
75,12,203,2024-02-14,2026-02-14,Approved,461a3a70-db1c-49a3-8710-15d2f663fe1d
76,48,62,2024-03-17,2026-03-17,Rejected,5848d2ec-ea45-4740-9dcd-89e017a02cd4
77,39,484,2023-11-02,2025-11-02,Approved,d45b13fb-e06d-43e0-a08d-5ec1442f88e6
78,1,239,2023-08-15,2025-08-15,Rejected,6d994312-3fac-4502-affb-536b4534caaf
79,40,68,2023-12-25,2025-12-25,Approved,ff3ffba4-8537-4f4e-8139-7b9ff42229b9
80,23,506,2024-03-02,2026-03-02,Rejected,e4f149c0-084d-4ca4-813c-1cd13a04d873
81,34,12,2024-03-30,2026-03-30,Approved,4df7c245-14de-4789-bbd5-7be4e400de87
82,33,496,2023-07-29,2025-07-29,Pending,54edf964-d5cb-43d4-928f-4779095981a8
83,29,129,2024-01-11,2026-01-11,Rejected,ed978677-82db-4993-b5ba-1b1ed8184bca
84,14,92,2023-06-03,2025-06-03,Rejected,2e797753-955a-4ddc-bcc9-11480af9d7f2
85,18,404,2023-05-19,2025-05-19,Approved,9e0b595d-4b51-45ab-9b6f-00c583f73f5e
86,23,258,2024-02-21,2026-02-21,Pending,6b32bc9f-3ca1-47ac-9d17-d54d500fc516
87,50,487,2024-01-18,2026-01-18,Rejected,edc3ea40-a1e8-428d-a38c-845c1e13713c
88,17,12,2023-11-27,2025-11-27,Rejected,5f7b7b0b-ea52-43bf-968d-1ef61761ca5d
89,49,229,2023-11-22,2025-11-22,Approved,5072528c-62b9-4951-805f-a3529fb77e6e
90,44,254,2023-05-07,2025-05-07,Rejected,5818f9b8-39c6-47dc-ba8a-3500c15bce06
91,22,509,2023-07-19,2025-07-19,Rejected,32ddccf8-0421-490b-97df-e02e3fc740e0
92,27,292,2023-10-09,2025-10-09,Approved,da02f1fe-f491-4ca3-b1fb-d01782e0e728
93,37,496,2023-09-13,2025-09-13,Approved,c43d4555-6423-4303-9df1-10a5cee1a263
94,19,377,2023-10-20,2025-10-20,Approved,bb993623-acb0-4287-b619-a25e42bc7d1d
95,28,398,2023-09-04,2025-09-04,Rejected,7c42b92a-6c7d-4f14-a603-9f885678a860
96,12,179,2024-02-05,2026-02-05,Pending,ab1ad8e4-1705-48d8-80f7-b096e0b90899
97,10,164,2024-03-29,2026-03-29,Rejected,7a0587bc-be1b-4ee6-933b-b61977ddd7d0
98,25,224,2023-04-30,2025-04-30,Approved,faf64854-b075-481a-a66d-02bcacdeb814
99,32,324,2024-03-21,2026-03-21,Rejected,63043a43-97b4-47d3-8774-0f16a8f4b018
100,1,106,2024-01-18,2026-01-18,Rejected,50b8393f-20de-412f-9405-384ba8e4b81e
101,8,215,2024-03-15,2026-03-15,Pending,d3148733-3215-494c-8c45-b7bd78fc109e
102,47,467,2023-12-30,2025-12-30,Pending,3698bb25-b4fd-491e-881f-d48a32b7f08b
103,39,306,2023-04-14,2025-04-14,Pending,0b68a5ee-1d6d-4682-a007-8766b0229559
105,43,21,2023-06-27,2025-06-27,Approved,a3794458-55ec-49a1-8e92-96314ba626b7
106,15,427,2024-01-04,2026-01-04,Rejected,4a5e8e18-cee6-4d01-85f2-0e596c935a73
107,31,104,2023-10-16,2025-10-16,Pending,5492de4b-529f-4458-a23b-771ff895222c
108,46,343,2023-07-21,2025-07-21,Pending,85c5149f-148a-47eb-8afd-62bfd3c48e4e
109,1,137,2024-03-06,2026-03-06,Approved,eb27f8f6-214f-4581-8ebe-a5f0228e88b1
110,48,69,2023-04-20,2025-04-20,Pending,b503bff5-fd11-495b-9fde-9e1bc9eb4222
111,3,271,2023-06-19,2025-06-19,Approved,68dfb0eb-9d16-42c6-b25b-0d912cf2bfa5
112,24,247,2024-01-31,2026-01-31,Rejected,f88016c3-136f-4cc9-9309-6cfda2ab8f89
113,12,217,2023-04-13,2025-04-13,Rejected,82f87430-fcce-4f4e-8a26-8fb8b85ec548
114,40,117,2023-06-30,2025-06-30,Approved,b8c9781c-11d5-4a64-86e1-a7466dcb18fb
115,16,158,2024-02-20,2026-02-20,Approved,8bed1dff-5678-4325-9ea8-8062da9528ae
116,36,455,2023-12-14,2025-12-14,Approved,4e488f92-9246-410d-ae22-705454183337
117,33,125,2023-04-08,2025-04-08,Rejected,8d8973a5-38b1-4166-8772-25e26d81e84d
118,32,155,2023-08-23,2025-08-23,Approved,9e898092-a5c5-40bb-9a3a-cc8b1ad7f255
119,42,420,2023-06-04,2025-06-04,Pending,63afdcc7-ddad-4c07-9823-d8cf796ec296
120,29,100,2023-06-30,2025-06-30,Pending,62e22276-2814-4afb-acc3-f6417fd36152
121,41,377,2023-10-29,2025-10-29,Rejected,ad1835b9-32fe-4c0a-bbcf-bc7c12becbd7
122,20,170,2023-09-15,2025-09-15,Pending,1f5146e2-05e7-4549-933d-7a2949b75818
123,49,305,2023-08-29,2025-08-29,Approved,3c5330ea-0015-45f5-b212-20d9eec69534
124,17,226,2024-01-25,2026-01-25,Rejected,e4561bd0-e297-4651-be08-e949de4dfdbd
125,27,105,2023-09-17,2025-09-17,Rejected,a73ac74f-58f7-4830-a606-77763b5b4b79
127,49,496,2023-12-13,2025-12-13,Rejected,ffe2ca0a-fded-46b1-a3f1-11c2fe3346c0
128,22,308,2023-11-09,2025-11-09,Pending,e31c0c51-52db-41cc-aea7-910aadbf22db
129,8,96,2023-08-18,2025-08-18,Pending,678b353c-585a-40ca-8405-7b5ee0eebb8e
130,48,197,2023-07-10,2025-07-10,Pending,cba16038-473d-4301-ac33-a18b13c48817
131,14,497,2023-06-22,2025-06-22,Rejected,2b51fde5-15c5-44b9-af33-186a974b56a7
132,38,68,2023-09-19,2025-09-19,Rejected,c351aebf-036b-460f-9a9d-99c40fa80d0a
133,24,65,2023-12-02,2025-12-02,Pending,f2300553-3e92-4ac0-9215-efbf9757381b
134,50,114,2023-10-03,2025-10-03,Rejected,41cfae22-5430-460d-ba74-522d57a56fc5
135,45,320,2024-01-16,2026-01-16,Approved,b5d8b99e-05ba-4f12-b090-f06c825f3797
136,10,179,2023-05-14,2025-05-14,Approved,b23648c8-b1e6-449f-ba96-4b9d3be1da07
137,9,337,2023-11-06,2025-11-06,Rejected,e8bafa34-3054-4da4-a1b1-a1a69813a03b
138,36,453,2023-06-16,2025-06-16,Approved,7252b80d-aac7-4d94-982d-809a2c61f821
140,6,92,2023-11-05,2025-11-05,Pending,2d9c0eae-9aa4-43e4-82d3-ef62adde9554
142,23,389,2024-01-19,2026-01-19,Rejected,035b2d80-a5d6-4dcb-a48a-c18e03248433
143,16,80,2023-07-04,2025-07-04,Rejected,982f3200-2732-4757-8673-41a191fcca5e
144,19,300,2023-05-29,2025-05-29,Rejected,3fc0b3a9-53f7-4415-8789-f6ec8fb4ea5e
145,17,179,2023-05-06,2025-05-06,Rejected,5a5d0db9-5ef7-4a94-b733-304299525a8b
146,5,36,2023-09-16,2025-09-16,Approved,cd47c355-60f4-4547-b61d-d6f2e9dd7822
147,3,16,2024-01-01,2026-01-01,Rejected,cfa92b22-f9ac-4b31-bdc5-02b5b06fb4ef
148,22,316,2023-04-28,2025-04-28,Rejected,7a8212b9-d307-49d0-ab0c-b912f4b84476
149,34,398,2023-12-02,2025-12-02,Rejected,35c4f1bf-8f86-496b-99e8-1f5fdcbcb02a
150,15,355,2023-08-24,2025-08-24,Approved,2e1de51d-acf9-4323-b360-de2492bc385d
151,26,484,2023-07-01,2025-07-01,Pending,0cccab43-c4bd-46b4-a0a8-9917e3020d1e
152,6,197,2023-12-02,2025-12-02,Rejected,f9104e1b-efac-4bea-95fd-f945f78eb0dc
153,10,224,2024-04-02,2026-04-02,Rejected,cd839422-3828-4f1e-9ac2-17e5ec53308e
154,30,299,2024-03-27,2026-03-27,Approved,3e64ea20-7d46-48a7-8a99-a3588747ceb2
155,35,79,2023-12-18,2025-12-18,Approved,9e363457-2e46-454b-9098-48a3e39910b0
156,8,148,2023-06-04,2025-06-04,Pending,4f7850fb-bbae-48df-9f40-6dd2f4d63dba
157,29,137,2023-08-06,2025-08-06,Rejected,61bd0b87-004f-4456-bf6c-d1a22e4a3e15
158,42,246,2023-12-18,2025-12-18,Approved,136c7c75-8018-44c7-bf3a-bb1f2575ab0a
159,21,32,2023-05-02,2025-05-02,Rejected,ec02796c-72fc-408e-a075-07a051780e5f
160,5,105,2023-07-15,2025-07-15,Approved,575b363e-89af-4d00-bd43-18cc5c393b02
161,4,140,2024-02-07,2026-02-07,Approved,ed62ed13-836a-4510-b17c-0cf5bcee739b
162,12,158,2023-11-15,2025-11-15,Approved,cd766306-045c-45c2-a691-fc177826de52
163,50,209,2023-09-13,2025-09-13,Pending,23706219-b9cf-484d-ac33-09bcc6f9fab4
164,19,238,2023-10-06,2025-10-06,Approved,d6652ef0-9e09-4f2c-b53a-5cc809a856e2
165,23,508,2024-01-15,2026-01-15,Approved,8627641c-2b11-4ba2-a502-014686b43933
166,3,80,2023-08-25,2025-08-25,Pending,4711b6ef-bc83-45fb-8360-30b824a9a23a
167,43,264,2024-03-17,2026-03-17,Pending,5f5d4d51-e578-42bc-b86a-403d1be40b03
168,25,457,2023-07-22,2025-07-22,Rejected,72b761bb-e5a1-4266-bfeb-3ac83107098a
169,43,89,2023-05-20,2025-05-20,Rejected,123758f6-0b18-4aac-8575-fa9fa7235a56
170,42,430,2024-03-09,2026-03-09,Rejected,d87e43dd-a286-49cd-ab8a-87b64a1177b7
171,11,296,2023-11-18,2025-11-18,Pending,b7571f25-06e4-4c5d-9c90-6316a310c365
172,45,468,2023-04-17,2025-04-17,Rejected,191f41f4-db8e-4c2f-98a9-4697c6b9407b
174,4,454,2023-11-18,2025-11-18,Rejected,1e8576e6-1f2f-40e7-8f4d-6a7cd125faf7
175,14,377,2023-08-10,2025-08-10,Pending,eaac223e-93ab-4884-9380-f6f10755832e
176,9,141,2024-01-16,2026-01-16,Approved,0c3cbeae-edb9-46d7-b3ea-9255dc89c1c5
177,13,242,2023-10-02,2025-10-02,Pending,43bfb5d7-497c-4dea-8752-38e4e12f7d29
178,31,137,2023-07-09,2025-07-09,Pending,a2b328f1-619a-4f4e-a657-5bb090d2cd8f
179,46,181,2023-06-07,2025-06-07,Rejected,484f9482-5ea0-4b4a-a484-67281aa267c0
180,49,217,2024-01-31,2026-01-31,Approved,ab5a005b-4b79-4a0a-9ae8-4fe6394c4038
181,38,197,2024-04-02,2026-04-02,Approved,ba482d14-d4ca-4a71-b31d-b07da3312e3e
182,10,287,2023-12-15,2025-12-15,Rejected,62231b91-d5ea-42d6-945a-4dc5e27d7922
183,40,338,2023-04-27,2025-04-27,Pending,f2e71a6d-b3b9-4ef7-a201-6fb149eb59e5
184,20,279,2023-05-28,2025-05-28,Rejected,3eb808b9-6584-4ede-8077-d0c570602bde
186,44,35,2023-09-29,2025-09-29,Rejected,0d47b0d8-145a-4767-bdbd-9c7fd690bba6
187,19,263,2023-08-04,2025-08-04,Approved,500910ae-1a7e-42b5-9254-836aa4d8a353
188,36,234,2023-04-09,2025-04-09,Pending,5e54789c-b055-417a-b5ca-7c7266572361
189,15,62,2023-05-15,2025-05-15,Approved,a32b2ab9-f6f1-4450-9a50-6ecc5ba34dc8
190,50,427,2023-05-04,2025-05-04,Rejected,98508808-4c29-4c8e-95ce-f185c0a5c7c5
191,17,68,2024-01-07,2026-01-07,Approved,53ec1ee1-664e-4cde-b3f5-c790b8d08c9d
192,20,509,2024-03-07,2026-03-07,Rejected,c1db7f86-28da-487e-ab71-f74583be76a9
193,12,304,2023-12-02,2025-12-02,Rejected,dd6b9b11-068e-4a35-bcc7-16b324510cc3
194,11,148,2024-02-21,2026-02-21,Rejected,22992d7b-4571-4a6d-90ac-e40fb34f8df5
195,4,40,2023-07-05,2025-07-05,Pending,b32abc02-d403-4d92-a3c6-68046d33c893
196,15,155,2023-04-06,2025-04-06,Approved,f60eeaed-4c5c-4907-a982-3a48bd30bce1
197,25,377,2024-04-04,2026-04-04,Rejected,f8a741db-21e6-4817-b92d-5311bf88a246
198,34,127,2023-04-06,2025-04-06,Approved,bf2d42e0-01d9-455e-91dd-2024a17b9922
199,10,428,2023-05-19,2025-05-19,Pending,dd3d6076-8f6a-449f-8bf9-6e2ddd77e052
200,45,146,2023-11-07,2025-11-07,Rejected,49195fb6-e5b9-4ca7-b1b7-9a2b281109f8
202,26,122,2023-07-09,2025-07-09,Pending,587df5e8-f475-4f5f-823c-88cae621e004
203,39,245,2023-04-14,2025-04-14,Rejected,26340066-b0e0-4333-b9e6-0c05408a05a8
204,36,369,2024-02-05,2026-02-05,Approved,6ed046e1-c6df-47cc-bc13-219ccc8c100e
205,14,441,2023-07-18,2025-07-18,Approved,666cdaa2-eed2-417f-be2d-5c841d5de25c
206,32,36,2023-08-16,2025-08-16,Approved,ea635dfe-fd35-4400-8299-472be7e9ca09
207,40,271,2023-10-26,2025-10-26,Pending,2d0243c1-1e4d-4096-bdcd-b4cba798643d
208,30,408,2024-02-05,2026-02-05,Rejected,21a1e547-e86c-4ed4-b3b0-8a8501786e4c
209,6,140,2023-10-08,2025-10-08,Rejected,e3b700c8-050d-49f6-ac01-0a77915138f9
210,18,203,2024-02-13,2026-02-13,Approved,5d946c27-352f-4d27-a0d2-8650f52cbc71
211,47,53,2023-07-25,2025-07-25,Pending,769aaead-015e-4dfe-a6af-21d362a46058
212,27,286,2024-03-14,2026-03-14,Rejected,e899b857-236f-44e5-99f4-aea5c00c59c1
213,26,460,2023-08-10,2025-08-10,Rejected,d2620288-3a93-4b00-9787-5e27202c7a48
214,2,80,2024-01-03,2026-01-03,Rejected,3422a0a0-fd9e-45ce-86e3-2a17754640ba
215,32,463,2024-03-15,2026-03-15,Approved,71122fa3-023f-4941-a741-41d5cb261549
216,3,143,2023-07-10,2025-07-10,Pending,498f17e2-524b-43dd-87aa-072d3661ac61
217,43,378,2023-12-20,2025-12-20,Rejected,77255a51-d317-444c-b631-34ca749ba862
218,23,67,2023-07-27,2025-07-27,Rejected,63bbe16f-37ac-4277-8381-05ce849014b8
219,22,189,2023-11-16,2025-11-16,Approved,798bbc92-83ce-4cd6-aae2-8c1b1722ff78
220,38,286,2023-09-12,2025-09-12,Approved,56ca04fc-9d4f-4116-8da3-292a5e0a6fe3
221,7,408,2023-11-11,2025-11-11,Pending,cb188ebb-5529-4969-b119-4a34846ccd48
222,6,203,2023-05-30,2025-05-30,Pending,a8daab83-6d3d-4dfc-95d8-356f86f63c02
224,17,489,2023-04-17,2025-04-17,Pending,304dad7b-73bf-4d7f-a734-5fa7d4c7126f
225,39,148,2023-07-30,2025-07-30,Rejected,5b8197a4-25ec-457d-9a26-2e7cd7f7d8d8
226,21,508,2024-02-02,2026-02-02,Rejected,d2c4baa1-3dde-4193-992f-48e4470545bd
227,8,157,2024-03-24,2026-03-24,Pending,f9e3edfe-0c24-4bc4-9ee0-b5712f31d99e
228,16,12,2023-07-04,2025-07-04,Pending,16eaddcb-263f-48e4-8ab3-34640a0c931a
229,30,254,2023-12-22,2025-12-22,Rejected,11e16560-7d91-4ca0-8e58-9e5350f1124d
230,14,238,2023-06-17,2025-06-17,Rejected,6dd0be1b-d0b0-4212-9ff0-93cbac529a0d
231,18,384,2023-10-22,2025-10-22,Rejected,1bd44683-4e28-46f6-a180-6ee4bba7c8d1
232,34,404,2024-02-29,2026-02-28,Pending,df07816c-ee17-4821-8cfa-aa283cb06f26
233,20,289,2024-02-06,2026-02-06,Approved,69fbce38-bb28-4805-a041-478f0c4045cf
234,44,143,2023-12-03,2025-12-03,Pending,bbf6b8cb-9b67-47ae-bc44-7e04fb250700
236,35,459,2023-07-23,2025-07-23,Approved,66a9790a-1fb3-4d3e-835b-702cde897027
238,19,22,2023-07-26,2025-07-26,Approved,99cc921f-d307-4cd9-b51f-b94c9a01012d
239,23,156,2023-11-17,2025-11-17,Rejected,f7c69c6a-eb5b-4947-ba8e-afd4efba765e
240,1,53,2024-02-26,2026-02-26,Approved,5b8e2595-16f5-4903-9805-633ce714f77e
241,15,101,2023-04-14,2025-04-14,Approved,72b5b1bf-90f3-42d7-980c-fa3a8740527b
242,10,502,2023-12-25,2025-12-25,Approved,bb72735b-2dc5-485b-8440-5f431d3c96c7
243,31,83,2023-06-28,2025-06-28,Rejected,8dd21bd8-472c-4032-aa51-c0afcb2874db
244,48,158,2023-04-14,2025-04-14,Rejected,e8f78122-ec82-4bf5-908b-46fb7f71bdf9
245,49,320,2024-03-03,2026-03-03,Approved,326b87fc-ee35-45e5-9e47-1000f0f25c07
246,28,163,2024-02-29,2026-02-28,Rejected,f3838b89-8e73-4028-9fea-18a7db9b8179
247,33,245,2023-04-14,2025-04-14,Rejected,6d45b863-8696-430a-91ba-4049c90b4968
248,36,173,2024-04-03,2026-04-03,Pending,10df42d5-79ec-4b45-87de-076868b891b4
250,38,389,2023-12-04,2025-12-04,Pending,830c292d-2a1b-48b7-b651-2f1427d4d84c
251,30,504,2023-12-04,2025-12-04,Approved,9dafa155-582b-4ac2-a381-d23b30a12da2
252,21,202,2024-02-29,2026-02-28,Rejected,530d518a-4b3a-4c1e-8b9b-ec17cea365a4
253,50,124,2023-08-12,2025-08-12,Pending,67b853c7-bc30-4a0e-b7df-f63c52fe6855
254,35,500,2024-01-24,2026-01-24,Rejected,c4888d12-63b3-43d7-bee2-1edceabf0a36
255,41,127,2023-12-03,2025-12-03,Approved,8dd740a0-ba3b-4018-a0db-b8d9f5db727e
256,31,158,2024-02-07,2026-02-07,Rejected,5ca8a625-79f9-480f-8770-32471203ede7
257,15,404,2023-12-01,2025-12-01,Pending,e0eae594-3f36-4c28-b958-1327ae49bee4
258,23,110,2023-04-27,2025-04-27,Pending,f0121100-095e-4642-b933-b164647ae81a
259,37,350,2023-12-05,2025-12-05,Pending,3c481497-2f63-454f-9074-bb595065515a
260,21,289,2023-04-25,2025-04-25,Approved,2a45b1af-2665-4fe0-a111-c02c875799d1
261,18,62,2024-01-03,2026-01-03,Approved,bac11a34-89a2-4c40-a54a-a4f9805f64be
262,36,148,2023-05-06,2025-05-06,Rejected,672965d7-4c51-453b-987f-898051ac1a06
263,8,172,2023-06-13,2025-06-13,Approved,3afebdf3-39d8-4df2-95b8-39ece7652a6f
264,32,227,2023-08-13,2025-08-13,Rejected,ff6fde6d-aef7-49fb-ac4b-85129e414108
265,43,338,2024-03-11,2026-03-11,Pending,3a43dc51-5eab-41ac-a532-9140cce7b00a
266,46,460,2024-02-12,2026-02-12,Rejected,3d303792-d95c-4281-bf2b-89d938420254
267,5,252,2023-07-21,2025-07-21,Pending,de00e4bd-40ed-4b78-94c9-4814a6df75ac
268,4,170,2024-01-13,2026-01-13,Pending,14ad327c-982f-4d8c-8a21-4805caafb0a3
270,10,101,2023-07-27,2025-07-27,Approved,20362257-7e3a-45c9-b750-90dfe7d09f05
271,13,96,2023-10-10,2025-10-10,Pending,7beb2458-e723-4e11-8fb6-6a1bfbe67e05
272,1,120,2024-03-27,2026-03-27,Rejected,4280b6ff-ea96-411a-be34-65efb0fdfc90
273,16,105,2023-07-16,2025-07-16,Rejected,02b26cff-cb51-4301-b21d-f06ddce42e81
274,37,40,2024-01-01,2026-01-01,Rejected,2a6a8dd8-1246-4fd5-81ec-f5bc055667cb
275,50,480,2023-05-10,2025-05-10,Approved,afa1317f-c570-43d2-94fc-9c524ff3c565
276,39,287,2024-02-25,2026-02-25,Approved,40d3d06e-e4e9-42e4-9238-138d5eae4c40
277,9,148,2024-01-13,2026-01-13,Rejected,9c44d062-a0c4-436d-b081-0332067c4ea1
278,30,497,2024-02-16,2026-02-16,Rejected,60723ad2-2f05-43a0-9e56-b82dfc6d8896
279,16,66,2023-12-17,2025-12-17,Rejected,f7dbf72e-ff90-4e93-8cf5-e5cac55138d3
280,5,80,2023-07-23,2025-07-23,Rejected,7ca3907e-d5d0-4544-bbad-6b37c44c3625
281,47,468,2023-10-08,2025-10-08,Pending,c280e637-f5c2-4809-94e1-54a0be81aca3
282,12,164,2024-03-09,2026-03-09,Rejected,28b8c137-3c22-4f04-bab3-e8b965b84bff
283,44,258,2023-09-21,2025-09-21,Pending,c6ab8829-be5a-4fe3-93e0-4b41c45f3e02
284,3,325,2023-07-15,2025-07-15,Approved,2cfbadf5-e339-43ad-b632-77c20714bfb0
285,29,257,2023-10-10,2025-10-10,Approved,0bad3df4-7d2f-4ae9-9c7c-c40470a0f030
286,32,496,2024-02-02,2026-02-02,Rejected,69d41145-cc80-4729-95f5-20c961244513
288,10,59,2023-09-22,2025-09-22,Rejected,4fa62214-042c-469c-ab48-05155a93d3a5
289,1,170,2023-06-10,2025-06-10,Pending,f75116eb-26b5-4ef0-a64a-73089b2fa252
291,17,149,2023-04-10,2025-04-10,Approved,7a0e757b-f88d-4eb2-8d3c-698e1fbee00f
292,8,378,2024-02-07,2026-02-07,Pending,78060660-1f31-4546-aad6-7966688e0b1d
293,14,53,2023-07-29,2025-07-29,Pending,f773eca5-94dc-42f3-96aa-215060b924c9
294,42,35,2023-08-19,2025-08-19,Pending,a2ec5974-620c-43c0-871d-5ba4cee10c08
295,6,137,2023-05-15,2025-05-15,Approved,167021c7-7c5a-469e-94d1-dfa61d73079a
296,43,80,2023-09-16,2025-09-16,Rejected,491de458-afe5-4009-8d31-7ffdd1e3881f
297,49,246,2024-03-03,2026-03-03,Approved,cf7c99f0-4e7a-4727-bbc2-612320f8ffc4
298,21,197,2023-08-27,2025-08-27,Approved,16a7d6ba-32d5-4d29-8b49-f723abb1d18d
299,45,430,2024-03-21,2026-03-21,Pending,cebafe01-e1ce-42fb-af8b-698198c5590e
300,29,53,2024-03-28,2026-03-28,Approved,f160564f-f7d0-47fe-ad50-bf3c04653e58
301,15,231,2023-09-16,2025-09-16,Rejected,d0f4566f-cac0-4e45-9c7c-f904ac90357a
302,2,111,2024-03-15,2026-03-15,Rejected,d7e0ad5c-ad13-419e-a296-cdf874851df4
303,9,101,2023-12-05,2025-12-05,Approved,a33f86ac-dfd0-4dea-845d-207ea474bbf1
304,17,369,2023-08-13,2025-08-13,Pending,004e7133-86a8-424a-ae78-9735aaa58074
305,39,229,2023-06-27,2025-06-27,Pending,f2eee96b-13b7-4e10-b8e7-eb4bbd439e94
306,24,21,2023-05-22,2025-05-22,Approved,fb96e678-4aa3-411e-b1a1-f44b44530b0d
307,28,430,2023-12-27,2025-12-27,Pending,8a2e80f0-9275-45bb-a0a1-7864eb44efe7
308,38,290,2023-08-31,2025-08-31,Rejected,b5f38daf-5afe-4175-858f-393598e28819
309,46,146,2023-11-11,2025-11-11,Pending,ba8d1cb5-96cc-454b-8a72-9b47e367d1cd
310,19,259,2023-08-27,2025-08-27,Rejected,e0b105e9-c580-4b33-9ed2-0280e75b52e8
311,42,43,2023-09-23,2025-09-23,Rejected,0b1b1f1a-18f9-48a2-acb8-5a1052dc5942
312,27,155,2023-04-29,2025-04-29,Approved,a8851822-af4c-42d0-bdf3-d80f09631c54
313,1,258,2023-10-04,2025-10-04,Pending,a86ffb3e-d5bf-486d-a2eb-eb7e497b97d7
314,47,375,2024-03-08,2026-03-08,Rejected,a731e9dd-cf27-414d-96ad-65e4d8742339
315,32,164,2024-02-01,2026-02-01,Approved,c92d4de2-a117-4225-b8a4-8ebafe2f2f84
316,46,300,2023-06-28,2025-06-28,Rejected,ea162de7-b56e-4ea5-a184-43bd1fed6ed6
317,25,263,2023-10-09,2025-10-09,Pending,ad95bb13-db3d-44d2-91dc-c51d9a8fe02e
318,31,223,2023-10-22,2025-10-22,Rejected,24524ff9-399d-454e-89d3-23935d251bb9
320,43,389,2023-06-22,2025-06-22,Approved,8f55627c-9b45-4c62-8d7b-e4cd3a7d2151
321,6,169,2023-07-21,2025-07-21,Pending,6a4f2026-d87d-4972-9070-521a7ff3e6ca
322,35,129,2024-01-20,2026-01-20,Pending,f1317cb8-7dc9-4eaa-a657-57ba2a16ddae
323,39,92,2023-12-27,2025-12-27,Rejected,4da5f3de-ffb9-4797-90ee-7eccdf29c908
324,41,16,2023-09-30,2025-09-30,Pending,a864181b-1f7c-45a8-a70c-e028fa6c23e6
325,2,452,2024-01-25,2026-01-25,Approved,dbb42169-3ad5-445d-a8c1-351d1e6438eb
326,38,193,2023-12-25,2025-12-25,Pending,6e3845d9-925f-45cd-b5cb-da05791783fa
327,27,137,2023-07-28,2025-07-28,Approved,201e74b4-138c-4596-9bb4-c723579b1fef
328,10,506,2023-11-13,2025-11-13,Approved,786e7a80-50be-4884-b0dd-6ec695546429
329,15,408,2023-05-22,2025-05-22,Rejected,2d3ed835-ae46-469a-8fcc-013854d3e681
330,4,137,2023-12-02,2025-12-02,Pending,856c8a22-3652-43b8-991d-3e75eac21f09
331,30,430,2023-05-31,2025-05-31,Rejected,f4444dd4-e3cd-4613-a5f1-7a63d11c2272
332,9,122,2023-07-24,2025-07-24,Pending,f25fb159-43d1-4414-8913-e3c0883a0ba5
333,5,242,2023-12-30,2025-12-30,Approved,d5e86614-3a19-4834-a5f9-7ed3b4922c20
334,17,148,2024-02-20,2026-02-20,Rejected,f3b8e6ac-6bac-4357-99b9-b4822b1a6c9c
335,44,424,2023-08-31,2025-08-31,Pending,277dc7b1-e81d-4c47-8a71-b9548deb5668
336,18,369,2023-12-01,2025-12-01,Rejected,5039942a-b62a-428c-8b5e-e11c54dbacac
337,16,420,2023-09-23,2025-09-23,Approved,25cab6e2-5f03-4ad0-abd3-93a9cf3ad1ac
339,49,398,2023-04-27,2025-04-27,Approved,4be543f0-0a73-4d6a-bb37-832e48bb759d
340,23,12,2023-05-03,2025-05-03,Rejected,2a9295c0-5bd0-4473-b7bb-0cb596ad4fa7
341,44,216,2023-08-01,2025-08-01,Pending,2ccd06a2-481d-4c51-aef4-ec75cfd05102
342,2,428,2023-10-24,2025-10-24,Pending,dba851d1-178c-4109-9efc-e6fc7db1f497
343,41,141,2023-07-10,2025-07-10,Pending,fe04ceb1-2e56-4f7f-a3fc-ba99ffd3d914
344,17,359,2023-10-16,2025-10-16,Approved,dc4d43f8-62aa-47db-9de6-07bad324a837
345,38,448,2023-09-25,2025-09-25,Approved,9a2bc6ae-061d-4d71-94e9-0f205f6e05bf
346,6,179,2024-01-12,2026-01-12,Pending,59819511-476d-46c1-a548-d3a18f151fb4
347,10,365,2023-09-17,2025-09-17,Pending,c0592ae9-c4a4-4bc4-a84e-68ab330c8554
348,33,369,2023-11-01,2025-11-01,Rejected,63cbb31a-3052-49ac-9850-14a815caa38d
350,18,224,2023-05-13,2025-05-13,Rejected,2bff71fe-3e26-4727-86dc-432980ac4abb
351,15,286,2024-02-11,2026-02-11,Rejected,4b3047d1-40dd-4bf9-99ed-49cd1b15a2e5
352,43,312,2024-02-27,2026-02-27,Rejected,32392f07-e267-49ae-9418-fd4de99b3f75
353,42,66,2023-12-04,2025-12-04,Approved,6343b37c-11ce-4c72-9f4d-d6051202eba6
354,5,367,2023-09-10,2025-09-10,Rejected,64251dfd-df1f-47fc-b6f1-70f958ca5d30
355,45,377,2023-07-08,2025-07-08,Pending,418810b9-98c4-42fd-8d5f-9856f7153f6a
356,28,203,2023-04-30,2025-04-30,Approved,578a8701-f79c-488a-af93-0bd09b7c4873
357,21,65,2023-12-02,2025-12-02,Pending,fddcff71-814e-4691-abbe-e4286ed55bf9
358,34,480,2023-11-15,2025-11-15,Pending,fb325384-cfab-4b1c-8e8c-74eef0322dda
359,23,94,2023-05-14,2025-05-14,Rejected,4549056f-12a7-4383-8cc8-6f2ae815d3f6
360,14,179,2023-11-24,2025-11-24,Rejected,c6325ac4-ef06-4048-86a5-55eadea72f9a
361,36,432,2024-01-19,2026-01-19,Rejected,28b1cefb-011a-4ec3-9739-37fd7e245969
362,11,352,2024-03-12,2026-03-12,Approved,d725ddbd-6c45-4cd2-864d-4227650c26df
364,27,203,2023-06-12,2025-06-12,Pending,ac359e5d-d48f-4353-9f12-866daf899024
365,40,404,2023-08-03,2025-08-03,Approved,51224dce-ad20-443e-9ec5-12da23383be9
366,1,32,2023-08-21,2025-08-21,Pending,0bd2090b-f6b1-4447-a65e-1a2306bf4003
367,26,13,2023-10-14,2025-10-14,Approved,ea891f3b-73a8-4c5f-b8b0-7da21146fae4
368,44,408,2023-09-14,2025-09-14,Approved,d82602f6-457f-4ec7-9207-72c73de851b7
369,28,286,2024-04-03,2026-04-03,Rejected,91238295-ba2b-4e46-9e7b-104bd6f1f913
370,24,174,2024-03-07,2026-03-07,Pending,e3eb70e4-31a8-429f-903a-859413d82dda
371,41,459,2023-05-11,2025-05-11,Rejected,ef81615b-1cb6-4e33-8353-fe4bf3710031
372,39,111,2023-05-19,2025-05-19,Rejected,3e18bdc3-5fe4-4c9d-9775-698ceb460c65
373,32,489,2024-02-25,2026-02-25,Approved,9559f379-b6e0-459c-a924-b28d28693e46
374,2,303,2023-04-20,2025-04-20,Pending,ffee70c1-2d13-472a-8af3-1bcea1f10ccb
375,43,104,2024-03-25,2026-03-25,Pending,892bc335-01aa-487f-ba67-161b0b2178bc
377,49,58,2023-10-23,2025-10-23,Rejected,e28ad7fc-601f-4b7c-81fb-7a9b4bcd32be
378,10,83,2023-10-31,2025-10-31,Rejected,3d373146-db6a-4704-a960-ec01b5ef8ec9
379,15,304,2023-11-03,2025-11-03,Pending,3401bb60-d70b-4df1-9e0d-3ae79a344888
380,10,247,2024-01-07,2026-01-07,Pending,436b4ab1-4a11-47a2-b729-91b9967ff31d
381,4,182,2023-12-19,2025-12-19,Rejected,f1fb1f69-fb1e-41b9-9b68-86df7d4be4b9
382,5,158,2023-04-24,2025-04-24,Approved,95a83ff4-4b91-4c83-9af2-61d06d1f6de4
383,35,89,2023-11-19,2025-11-19,Approved,3c0ed615-33b5-4477-af68-ba2805ca4cf3
384,46,35,2023-11-25,2025-11-25,Rejected,237b7d59-cf05-4a7e-9789-606a2f7d3d3c
385,19,104,2023-11-14,2025-11-14,Rejected,5acfb869-63fb-4b8c-a339-7d1b5faee0eb
386,28,13,2024-03-11,2026-03-11,Approved,69314d16-988d-49f6-bab7-7a4ec0b03417
387,12,43,2023-08-19,2025-08-19,Pending,d959ec93-df19-40fb-862a-b04af094cd52
388,32,356,2024-01-16,2026-01-16,Pending,406b08af-0bff-4add-834b-e912e2b28935
389,45,137,2023-11-10,2025-11-10,Rejected,d89e4ad3-8a3c-4247-ac95-438c38d246e0
390,40,65,2023-05-27,2025-05-27,Pending,2d630074-3867-46f1-bbe2-3436acf4c5d5
391,9,348,2023-11-25,2025-11-25,Rejected,aae1133b-8983-4d0b-a59d-c4f2b0bcaddb
392,17,185,2023-10-31,2025-10-31,Pending,8baaeb7c-2691-4aae-9cfc-5c30f636b953
393,29,333,2023-11-27,2025-11-27,Pending,97063fc1-b03a-4f1c-a9ec-5bc936370684
394,3,398,2024-03-19,2026-03-19,Pending,3306ea7a-7679-4e9b-8196-a16a1fee4bb3
395,33,16,2023-12-06,2025-12-06,Rejected,cc0d8552-0983-4b05-873c-6cb3730fb1e1
397,44,80,2023-05-24,2025-05-24,Rejected,4c1be6f8-91c1-42b3-afc3-8e1c6a8138ca
398,2,496,2024-01-17,2026-01-17,Approved,c23571b2-6aa5-4de7-886f-339661766142
399,11,239,2023-10-17,2025-10-17,Rejected,a42ad6c5-06d2-4abc-9efe-27b26a4b7206
400,17,224,2023-07-05,2025-07-05,Pending,e9170849-3383-4641-bc28-5fc451104035
401,35,28,2023-10-31,2025-10-31,Rejected,8eedd7b1-bf4a-485b-8b1c-724fe09f7b2b
402,29,369,2023-05-15,2025-05-15,Approved,5327d1c0-31a3-40cb-86eb-0109c7438e94
403,41,362,2023-11-18,2025-11-18,Approved,e53ff8b6-6250-4eeb-879f-6d1db57c6087
404,34,54,2024-02-27,2026-02-27,Rejected,01677860-88a5-478e-ae1d-e4cba5296259
405,30,508,2023-06-28,2025-06-28,Rejected,461d4f6a-9a32-47f9-95c9-6bbbbd8da4e3
406,7,239,2023-08-21,2025-08-21,Pending,a429f5e9-ecb1-4dae-904a-f38ecfff0f1e
407,4,101,2023-06-21,2025-06-21,Approved,12f6ce13-cacf-4272-bb01-df9a0d0faf2f
408,10,193,2024-03-05,2026-03-05,Pending,0982a60e-0ec5-4930-8958-62c93286e167
409,15,420,2023-04-20,2025-04-20,Approved,db812a10-3fb5-425a-bb5f-5d4ac2fa90c6
410,25,135,2024-01-25,2026-01-25,Pending,b7227056-77a5-4b15-a666-024579dd6848
411,5,369,2024-01-21,2026-01-21,Approved,dbaa0522-3cfc-49b6-bceb-2a6eacb0e82f
412,40,58,2024-03-30,2026-03-30,Approved,17e25b90-5256-408a-8d59-b3013c209755
413,16,182,2023-11-17,2025-11-17,Pending,74c3ca86-abcc-4595-8cf3-9fd8ded56689
415,42,67,2023-11-05,2025-11-05,Pending,3f4ad035-3b77-4681-96a6-7b760f2f20e6
416,37,114,2023-07-18,2025-07-18,Pending,2fdd50e2-b98f-4651-a633-c5827d88282b
417,19,338,2023-07-10,2025-07-10,Pending,43b7bb6c-2718-42fa-b71c-769bb7e1f105
418,20,338,2023-06-08,2025-06-08,Pending,a1da1c74-7736-422d-8d74-191b3b300dfc
419,11,129,2024-01-17,2026-01-17,Rejected,d0d113dc-d057-4611-8768-824ce9bcab3f
420,46,416,2023-08-06,2025-08-06,Approved,375c7b82-0a87-4eb6-a097-8ea263574ff2
421,40,88,2023-06-19,2025-06-19,Pending,7ea8047a-9e29-4cbb-b304-e6d9e488120b
422,33,102,2023-06-18,2025-06-18,Rejected,b37d897b-9546-4dea-a420-26d37f886bda
424,25,286,2023-08-09,2025-08-09,Pending,aaede3d4-88dc-4461-99d4-a7e1ebe54efd
425,19,508,2024-02-10,2026-02-10,Approved,47cfde0a-cc99-47e1-a3b1-df3706fa98fb
426,42,197,2023-11-02,2025-11-02,Pending,d4816c9b-282e-4aa4-9242-9c54c90f39bd
427,39,158,2023-08-08,2025-08-08,Approved,93661677-308a-4289-a954-f5d7d2bbf05c
428,14,384,2023-09-30,2025-09-30,Approved,14b780e8-c245-45d2-b6f4-106512831c18
429,1,325,2023-08-15,2025-08-15,Approved,2433fe4f-65b0-4600-bd6b-ac998799faf8
430,36,333,2023-12-21,2025-12-21,Pending,b90f0ec9-cf33-49e4-b496-e8c1575c5ab2
433,35,41,2024-02-19,2026-02-19,Rejected,96cfd12b-33c9-4e96-bc33-475ab5668f76
435,41,412,2023-05-27,2025-05-27,Pending,cbc7aebb-a06f-4a07-aa26-dd2c217c0c34
436,45,114,2023-08-11,2025-08-11,Approved,559a98d2-9007-4c3a-bf11-0305d1c21b31
437,21,158,2024-01-07,2026-01-07,Pending,7ccb6bda-73cf-46ed-8f20-679fd63f84fc
439,5,299,2023-11-22,2025-11-22,Pending,841e3ae3-ce7a-41ca-9f9b-c4cac310905b
440,3,231,2023-07-18,2025-07-18,Pending,41d229c8-2393-489f-b6c2-242b7bca87c4
441,15,468,2024-03-11,2026-03-11,Rejected,e9715ec5-0d28-41de-9dc9-218ed2a9ce7a
442,24,197,2023-07-06,2025-07-06,Pending,fcdd89fc-56ae-446e-b3e2-ad10c063ed19
443,36,16,2023-09-18,2025-09-18,Approved,bb50db6e-276b-45e5-92a3-804d7b584bdf
444,21,348,2023-10-16,2025-10-16,Approved,9d1cb784-3c97-4007-b69f-8344869926df
445,3,369,2024-01-29,2026-01-29,Pending,a93feca0-63d1-490a-b388-4bc92ec371eb
446,47,239,2023-06-08,2025-06-08,Pending,1133add4-97fd-472c-a85c-84a6c77a046a
448,42,497,2023-12-06,2025-12-06,Approved,f01e2410-bb23-4f8a-a308-829a10dc70a9
449,13,499,2023-10-08,2025-10-08,Approved,6cbfe981-e021-484d-95e4-a3eff44f59fb
450,43,480,2023-04-14,2025-04-14,Pending,e83fe47a-2aea-45b3-93ac-000fe574c993
451,16,250,2023-12-31,2025-12-31,Rejected,88653de8-0155-425a-9391-3e79d0284147
452,35,231,2023-05-11,2025-05-11,Approved,0b57c98d-87e5-44f3-b0ec-05768d245669
453,17,99,2024-02-11,2026-02-11,Rejected,118a669d-1da6-4b0d-b988-f9f5edb58a9e
454,41,304,2023-07-18,2025-07-18,Rejected,758fc34e-3a29-49e1-a66c-f39826210f98
455,14,140,2023-05-18,2025-05-18,Approved,4e992acb-94f4-4f4f-9cb1-b3e4f15a6c33
456,48,486,2023-04-18,2025-04-18,Pending,133b5cd9-48be-4c58-b846-dc1d93044863
457,2,279,2023-05-20,2025-05-20,Rejected,41f58501-44ce-4f51-a67c-1f9edc7f828f
458,34,105,2023-08-09,2025-08-09,Pending,48c02a1c-bbd7-4b4c-b10d-f9418cd1b252
459,40,41,2024-03-08,2026-03-08,Approved,8627abfd-9455-4fc6-8951-b7135156d554
460,5,51,2023-07-21,2025-07-21,Rejected,0a7c8719-745b-40fe-8464-f614f7af829c
461,30,496,2023-04-28,2025-04-28,Pending,f7f24e6b-5207-4b8d-8ba2-5ea8327c00c2
462,31,30,2024-04-03,2026-04-03,Pending,3e071f59-1e34-4e83-9680-9ab2882e1551
463,5,282,2023-08-18,2025-08-18,Pending,973292d9-eab7-40ac-bf95-545055548777
464,43,343,2023-12-29,2025-12-29,Rejected,1e25e2db-62f1-44d4-8134-d630ec38b321
465,15,484,2023-04-22,2025-04-22,Rejected,8e4d87c9-b14a-4146-8065-dfcd5c58c65a
466,6,464,2023-12-25,2025-12-25,Pending,04ece90e-bbc4-4e51-a95c-c6edfff93516
467,14,305,2023-10-21,2025-10-21,Rejected,13570b46-192e-4da5-94c2-2bf505c3eb4f
468,9,35,2023-06-13,2025-06-13,Approved,04a5aeb3-c4a1-4c6a-bf9d-f42e4fcfc604
469,26,271,2024-01-04,2026-01-04,Pending,d765e19a-0a88-48c5-9e78-ad27e8e2adca
470,39,136,2023-07-06,2025-07-06,Rejected,f7416937-8ec1-4067-a5c9-1d42b0928199
471,37,265,2023-04-27,2025-04-27,Rejected,88200a1e-ebfd-428b-b6f4-87b83144f86b
472,7,159,2023-12-22,2025-12-22,Approved,ea0a526d-90b8-4679-93b7-674a5702e986
473,27,357,2024-02-28,2026-02-28,Approved,55c05200-f126-4bab-878f-97ddff5a0d55
474,4,53,2024-03-30,2026-03-30,Approved,606d61bc-fbd2-4c37-8270-6f487363cfb1
475,12,355,2023-08-17,2025-08-17,Pending,b0712289-157d-47c7-8777-e1cb7df2312d
476,47,197,2023-07-04,2025-07-04,Approved,455ec481-6dc8-4098-8ffd-07d3f6f92daa
477,19,489,2023-04-17,2025-04-17,Rejected,ff9ab1f2-8ffb-4c45-a4bf-2bb84b738de2
478,38,158,2023-11-26,2025-11-26,Rejected,70571f0c-27a6-44b2-be73-0d672e859488
479,44,392,2023-12-15,2025-12-15,Rejected,0ced6d34-c283-406b-a68b-26b7c55f9fd6
480,1,486,2024-03-10,2026-03-10,Pending,3b036060-837f-430d-98c2-0f91dc9b759f
481,35,127,2024-01-20,2026-01-20,Rejected,6d3a0f8e-4c68-4dab-9bd1-083952736acb
482,30,28,2023-07-17,2025-07-17,Pending,fec417fd-c4e1-426f-a8d0-001dc8dda1ac
483,18,80,2023-12-24,2025-12-24,Approved,17973c5b-ebc5-4e0d-b4fa-afc8ebb71bd6
484,28,265,2023-05-04,2025-05-04,Approved,fb3e485e-a0c7-44e3-8787-5a7da50c73b8
485,12,99,2023-10-14,2025-10-14,Approved,c04e3df6-f97f-4134-8a8f-ec4c74461170
486,8,350,2023-09-23,2025-09-23,Rejected,44f0f7cd-966a-41e9-866f-b97565f551ee
487,15,423,2023-08-06,2025-08-06,Pending,8773fb3c-1117-4081-95e1-d6e24d71977d
488,43,348,2023-06-20,2025-06-20,Rejected,6515c9a5-015e-4ffe-9495-e0a96b2a127a
489,10,172,2023-11-19,2025-11-19,Approved,3abf2efa-fcfb-4052-99c8-5d2cdc86c19e
490,30,362,2023-06-01,2025-06-01,Pending,a2c47da8-c5d8-459b-b7ec-5941368ed1ee
491,19,252,2023-11-21,2025-11-21,Pending,fe3fabc9-a3cf-4ae4-b2a7-80be264dfa4a
492,32,16,2023-10-09,2025-10-09,Approved,086a22ed-2a9c-4d78-8b0e-f7ef544cb4d5
493,48,388,2024-03-31,2026-03-31,Pending,d59431f3-6088-49dc-a299-8d7a93020f66
494,5,468,2023-05-25,2025-05-25,Pending,259acac8-3356-4de9-8047-4fdead08c559
495,50,150,2023-11-05,2025-11-05,Approved,fc12a22a-ff4c-4105-aaa7-b40bd22723d7
496,39,142,2024-02-25,2026-02-25,Pending,af371bda-65e0-4fe2-a275-53c622e270f2
497,31,21,2023-07-04,2025-07-04,Rejected,6057dced-ff98-4f8c-a967-ac734c2638b9
498,22,170,2023-10-28,2025-10-28,Approved,02ecd7fc-79b5-4bff-a8be-58d413118fdc
499,34,247,2023-10-05,2025-10-05,Rejected,1b3ed51a-a3db-42f8-9bbe-d43bf7f86e2a
502,1,420,2024-01-24,2026-01-24,Pending,8d182782-6a39-4fa5-8889-63c347696631
503,35,16,2023-08-12,2025-08-12,Approved,da740d82-5536-4041-a8fd-380f40f30c42
504,20,271,2023-11-09,2025-11-09,Rejected,0f3c99b1-b390-4d6e-851e-a153d921d558
505,4,338,2023-04-10,2025-04-10,Rejected,714e797b-d060-430d-a1ac-7f6d2ac561c5
506,45,467,2023-06-09,2025-06-09,Rejected,2003ab3a-c5a5-4625-9d42-fe9091fb7189
507,5,408,2024-02-14,2026-02-14,Rejected,9cdfc875-d347-484f-8ba4-a4f627c13717
508,48,234,2023-08-11,2025-08-11,Pending,48a73ea6-a023-4413-b1cf-9a43126bc1c1
509,6,53,2023-04-27,2025-04-27,Pending,f7d1c45e-15ab-4cbc-a261-352788f05bcd
511,1,140,2023-11-25,2025-11-25,Pending,369667aa-cfe2-4cbb-931a-6df35d6b9ee6
512,26,289,2024-03-15,2026-03-15,Rejected,de7aac26-4b17-43c6-abeb-5f0920a394b9
513,19,168,2024-01-31,2026-01-31,Rejected,9e5c70cc-49f0-4e44-b7f8-300ad5a2126d
514,25,306,2023-07-18,2025-07-18,Approved,f0eba893-ebf9-40cf-b725-ba1ac298cd90
515,24,389,2023-08-24,2025-08-24,Approved,5ec93e69-5315-4994-b644-15dc5b5c4590
516,32,420,2023-10-31,2025-10-31,Approved,4a88e9d9-f695-4a1d-85f0-b36933822284
517,20,506,2024-02-17,2026-02-17,Pending,ebdf74f8-8ddc-4fad-a780-4c9a2574a8a5
518,11,117,2024-01-05,2026-01-05,Approved,4d7c7d4a-bd51-42f1-aa58-79b05c998177
519,38,136,2024-02-16,2026-02-16,Rejected,a8fa7c1f-0079-4bed-bbe1-fc4e7e0b0723
520,34,51,2023-07-14,2025-07-14,Pending,73157043-80f9-48a0-810b-311f738a1604
521,44,457,2024-03-29,2026-03-29,Approved,76993f1e-6564-48e0-b27e-f01ee5fd11f6
522,21,464,2023-11-13,2025-11-13,Rejected,1b1960eb-44d1-4c36-b574-1ad6e4a744ec
523,18,247,2023-05-29,2025-05-29,Approved,91b56428-94fd-4829-a9a7-d9a2bbdcf7ca
524,31,60,2024-03-07,2026-03-07,Rejected,4b228d4c-087a-4414-bab5-bc153df02e0f
525,40,286,2024-01-27,2026-01-27,Approved,d9462c48-d642-4221-8c69-0d2b79739037
526,34,392,2024-02-26,2026-02-26,Rejected,d411a995-d8b3-4014-8583-0d516d7abef2
527,29,299,2024-01-03,2026-01-03,Pending,7580541d-a0de-47ea-9dce-a2f330772060
528,19,424,2023-12-18,2025-12-18,Rejected,322dab2d-fed0-4dd6-873d-53bdafe3b88f
529,38,296,2024-01-17,2026-01-17,Pending,0295d38d-cffd-4aa9-924d-3578e6cee86e
530,35,126,2024-01-28,2026-01-28,Approved,dda01769-53f8-4b89-824a-a1957906aa13
531,25,217,2023-05-16,2025-05-16,Approved,b99c08b8-c728-4986-9296-748949d94cd9
532,22,225,2023-09-05,2025-09-05,Rejected,07a17625-fa88-4298-b608-1b5f16c1ef67
533,6,282,2023-10-10,2025-10-10,Pending,a206a1f5-5999-45f6-9e82-784808e20fe8
534,23,298,2023-09-28,2025-09-28,Rejected,8ec050b8-84a7-4857-af85-6417b2992bf0
535,44,105,2023-08-09,2025-08-09,Pending,c02d0795-b393-40b5-a77b-eddc3435aa7d
536,10,384,2024-01-16,2026-01-16,Rejected,c2bd3fa2-e9cc-4b32-8544-b46162f4da13
537,1,58,2023-07-20,2025-07-20,Pending,78fcb297-1396-4c02-868a-a4862a0117d5
538,2,73,2023-08-28,2025-08-28,Pending,41bfc2a3-153d-4455-a039-e215df2b2d74
539,5,332,2023-04-17,2025-04-17,Approved,bbb981b7-47f9-444b-b872-23a914a34454
540,42,127,2023-06-18,2025-06-18,Approved,48c87b12-ea68-4c7e-86da-60952b55ea9e
541,13,436,2023-12-17,2025-12-17,Approved,e868a282-4415-4119-9a63-7ab0aa79a877
542,36,300,2023-12-10,2025-12-10,Pending,9c55f49a-8bab-4431-bc24-a6c70ed332cd
543,49,223,2023-08-13,2025-08-13,Approved,38868738-c71d-401a-8a4e-8d8f853742c1
544,18,279,2023-04-19,2025-04-19,Pending,0af8ef08-ff5f-4b52-8458-37e7ee9d07df
545,40,80,2023-07-17,2025-07-17,Rejected,2fa763ce-9436-4217-bc28-3c37e78a914b
546,48,371,2024-02-15,2026-02-15,Rejected,37f50079-b7ae-43e4-b2c6-d4e9c45d5d70
548,7,80,2023-04-14,2025-04-14,Rejected,0dfce7a1-4234-4aa9-85d0-8fd195cc80f2
549,2,377,2023-12-12,2025-12-12,Rejected,d3d11801-256a-4b63-9086-fcf6aab18e7b
550,25,53,2023-10-23,2025-10-23,Rejected,3640999f-1b83-4da0-b5c2-37d19b0ad6ca
551,38,157,2023-06-06,2025-06-06,Pending,d274c10c-2d88-4c5e-b86e-23790df6956c
552,9,289,2024-01-15,2026-01-15,Approved,a0dc9e1f-a621-4b5e-8863-7bcbfd3436ea
553,47,496,2023-07-24,2025-07-24,Rejected,3440188b-5e55-4c01-96b5-f86a720f73aa
554,12,101,2023-07-07,2025-07-07,Pending,63cff53d-eb6e-476f-846b-6487d8134ca1
555,28,292,2023-04-24,2025-04-24,Rejected,13d64755-8c88-44ab-ae50-00f8c1c8d179
556,45,389,2024-02-25,2026-02-25,Pending,1f3277e7-66be-47d3-81ab-7eb81cffc680
557,43,436,2023-10-25,2025-10-25,Pending,f2430128-a7b2-409a-b536-42045e1f3e85
558,5,296,2023-04-30,2025-04-30,Approved,41599032-c88e-4bbf-a771-355623ebc56e
559,31,80,2023-04-23,2025-04-23,Approved,4bc287ca-9e14-4e3b-ad1b-140ee989b431
560,19,318,2024-03-06,2026-03-06,Pending,7ba6d6e2-4d10-4b36-8ecb-b6222966ce4b
561,26,60,2023-05-25,2025-05-25,Approved,d3e5af96-d68e-4051-9b27-8f0e68b18400
562,8,163,2023-10-31,2025-10-31,Approved,eddac00c-80ac-4ebd-b51d-ad05a190d0b9
563,50,37,2023-09-19,2025-09-19,Pending,4e0dca03-d91b-4ea9-af47-c1bd083eefd8
564,49,114,2024-01-14,2026-01-14,Approved,40e04d37-1568-45d8-a52e-6d16893892aa
565,15,110,2023-04-11,2025-04-11,Rejected,6e9b3363-ab95-4f7d-a7f5-6999790d23f6
566,11,59,2023-06-23,2025-06-23,Pending,b61c0e6b-4b13-461c-ba17-9cc7fa1c96fe
567,18,179,2024-02-09,2026-02-09,Pending,35e47a9c-41ed-46d6-8452-5c3b6b3f4f3c
568,35,172,2023-05-10,2025-05-10,Approved,e9b227f0-e78f-4515-80f8-bc9cb7c42eb6
569,32,58,2023-08-19,2025-08-19,Pending,2ff0cde7-9d3b-4e09-975f-958c727f2709
570,6,157,2023-05-12,2025-05-12,Pending,40b755ee-09af-4fb5-a576-9566cc73bb28
571,34,101,2024-03-27,2026-03-27,Pending,ebab11c0-4881-43b9-91f7-00a5ec60f4a1
572,4,29,2024-01-18,2026-01-18,Pending,d2ebbce9-b9fb-4231-8da8-1a5aa1251c81
573,10,289,2023-04-12,2025-04-12,Pending,0bc6ca7d-8b57-407d-9cb6-062e14744f77
574,5,357,2023-07-10,2025-07-10,Pending,fc7b4742-a135-497c-8780-d6cefbe06a9f
575,33,439,2023-08-04,2025-08-04,Approved,0c7eba6a-19b6-4701-ba8c-d6166226461d
576,40,217,2023-06-20,2025-06-20,Rejected,d26b4953-aa6f-482a-8bcd-0cbbe28f136a
577,37,35,2024-01-01,2026-01-01,Rejected,c8082654-18f0-4f69-aec1-5d24b591e6ed
578,8,159,2023-05-21,2025-05-21,Pending,bbf815cd-6f7f-4096-869d-a73574baece1
579,9,227,2023-09-22,2025-09-22,Pending,33e6caa0-58ae-47cc-a7a8-66c18fd3b24a
580,26,263,2023-07-28,2025-07-28,Pending,437a4ae0-a2b1-4b7e-a23c-92c0f96b844b
581,42,129,2024-02-12,2026-02-12,Pending,7e055bbb-17c4-4d3c-893f-b92eb8c14e6f
582,23,35,2023-07-28,2025-07-28,Approved,dd421176-b7ef-4444-abb9-6a015440a361
583,49,140,2024-01-30,2026-01-30,Pending,072bd15c-dc6f-44bb-963c-50a16f04a6d2
584,45,53,2023-11-08,2025-11-08,Rejected,a4c511df-20d1-401e-b855-0ab91b07bc1f
585,16,24,2023-10-03,2025-10-03,Approved,093c44a5-d9e7-4e2e-8216-c99f45e407d0
586,31,306,2023-12-28,2025-12-28,Pending,ead09539-1bb8-4983-a4f1-1ea8ab781528
587,19,332,2023-11-25,2025-11-25,Rejected,9b6f0637-e032-4217-9231-ec5f61b82d8d
588,17,238,2024-01-28,2026-01-28,Pending,df2b5e1b-d2f9-4c16-a547-2bc529040a49
589,14,225,2023-06-22,2025-06-22,Pending,4bac604a-a57c-4195-b5f8-48f18d5b6fc0
590,49,35,2024-02-09,2026-02-09,Approved,d248eefa-4c59-4d19-9cb6-d100b1d2b84d
591,17,111,2023-06-28,2025-06-28,Approved,645432c6-e800-466a-ac86-d16dd2a4c750
593,28,122,2023-04-12,2025-04-12,Rejected,de8bb924-71df-47ed-b138-78683557a46c
594,36,384,2024-03-07,2026-03-07,Rejected,c651737e-413e-4b2d-a65f-1c303b6930c1
595,13,369,2024-02-22,2026-02-22,Rejected,9402cff4-59ad-4029-98f0-bc93059e7606
596,20,181,2024-03-27,2026-03-27,Pending,f969ecec-f364-4c2e-8132-9c0ca0a4679c
597,22,125,2023-07-29,2025-07-29,Rejected,c33d1899-5792-409e-854f-b2c87ee0d047
598,18,170,2024-03-25,2026-03-25,Pending,b7f50f2a-d5a5-4e06-9bed-73107f77e46f
599,46,439,2024-03-27,2026-03-27,Pending,0aa133f6-1310-4f8d-8969-2e93d9224936
600,3,420,2023-11-23,2025-11-23,Rejected,ed6cf996-c7da-4009-86c7-0f462b92e5ce
601,25,375,2024-03-29,2026-03-29,Pending,0bc3a10c-0d5d-4b17-bffd-a9999a3d5f91
602,24,497,2023-12-05,2025-12-05,Approved,ec056581-b2b3-4095-831d-c0646ddd850b
603,10,286,2023-09-10,2025-09-10,Rejected,f22ac18c-ff3e-4f0a-b454-3e690485474d
604,33,388,2023-09-24,2025-09-24,Pending,6a0e88b4-599e-4b0c-919f-7eecacc4d1e0
605,8,66,2023-07-28,2025-07-28,Approved,e72ef7fb-b87a-46bc-bff3-b5d54de1c0a6
606,34,505,2023-07-27,2025-07-27,Rejected,ad7cf971-db35-4032-88e0-67f492f8defe
609,40,181,2024-01-27,2026-01-27,Approved,20fb8b0d-a7ac-41db-b74a-554f13f1b0cb
610,47,88,2023-11-07,2025-11-07,Approved,db387cea-48db-4d0a-b085-d363868b5e2f
611,42,238,2023-07-13,2025-07-13,Rejected,415f15d9-e439-48af-bc75-bf25b6087d45
612,38,135,2023-11-03,2025-11-03,Rejected,a23621c5-1282-4062-9a95-b6800d1b8c07
613,9,428,2023-05-20,2025-05-20,Approved,f3692293-5c84-4ce1-9338-31d90b58fe0e
614,10,423,2023-12-31,2025-12-31,Rejected,60ec636a-9c39-402e-8580-8ebef65325f3
615,3,73,2023-09-04,2025-09-04,Pending,a1e0011a-a267-47dc-b750-7466e2625ed9
616,49,350,2023-07-30,2025-07-30,Rejected,340b6b3d-5609-4680-ae7f-8864d88e46f1
617,43,439,2023-10-06,2025-10-06,Rejected,68032f95-938a-40a5-a1d1-e153eb3f331e
618,14,126,2024-04-01,2026-04-01,Rejected,a29c52c5-8edb-4e52-953b-0f8b9de16e80
619,4,457,2023-05-15,2025-05-15,Pending,11531f6e-f954-417a-901b-cade0b68f268
620,31,148,2023-06-27,2025-06-27,Pending,36ff642a-1318-4f0d-8c04-9c591215d7a7
621,37,22,2023-04-16,2025-04-16,Approved,e7b310de-c237-4196-ba55-8d3db91be1d5
622,48,168,2023-06-16,2025-06-16,Rejected,066480a8-198e-49db-adf1-437b2b5f53a0
623,29,79,2023-06-02,2025-06-02,Pending,d88745a4-2bab-4f46-a194-b33961ccd534
624,18,303,2023-07-10,2025-07-10,Rejected,41aa7636-2201-4dc2-8341-a30cecb6bc43
625,19,146,2024-02-08,2026-02-08,Pending,e87bf7ca-d10d-4b57-b14c-c7db69cf68ff
626,20,58,2023-12-25,2025-12-25,Rejected,27c575a8-78bd-412f-bff4-85ee25d117b9
627,15,80,2024-01-06,2026-01-06,Approved,eff4688b-e9db-472c-b546-570bc002a120
628,39,412,2024-02-04,2026-02-04,Approved,61b2a3de-ba18-4077-92e5-a4ca4d84d834
629,50,379,2023-10-31,2025-10-31,Approved,abffcc7f-799b-429a-8842-5b3d1d53b5be
630,45,432,2023-04-18,2025-04-18,Pending,528fcbce-3409-4c89-a054-c022e14fc05e
632,18,424,2023-06-16,2025-06-16,Pending,84e4bb82-1a18-4196-96be-9671f7fb4403
633,5,365,2023-09-21,2025-09-21,Approved,190f6ba6-8920-4505-b327-9fedfc0c8323
634,39,159,2024-03-24,2026-03-24,Rejected,d2d3b7d2-bb09-4084-898c-ecf5bd814e6a
635,46,457,2024-01-09,2026-01-09,Pending,980d278d-9775-4a81-b618-a195962d5a74
636,20,392,2023-07-21,2025-07-21,Pending,d2dcffc1-2dc6-49ab-928e-792dfdf4b699
637,23,164,2023-09-03,2025-09-03,Rejected,67f98462-cf93-4204-b09f-a66c81f7669d
638,2,110,2024-01-24,2026-01-24,Rejected,6060bb89-2e03-4341-8f11-2486371e5755
639,25,16,2023-06-01,2025-06-01,Pending,081b283d-7a08-4a8b-980d-24e6b04acae4
641,34,140,2024-01-20,2026-01-20,Approved,6f91f800-75e2-4bc9-9f36-838e5b2288a4
642,30,404,2024-03-28,2026-03-28,Pending,ba60af4a-5f74-428c-938c-582e5f572778
643,9,306,2023-12-25,2025-12-25,Rejected,fef89ea3-b575-463f-94ca-5a0c78248a8b
644,42,155,2023-06-10,2025-06-10,Pending,0df31827-5a5f-40d3-a01b-2ba932a32f69
645,36,398,2024-02-01,2026-02-01,Pending,499fdd98-af7c-4297-88e4-95c906257336
646,16,37,2023-10-26,2025-10-26,Pending,181a3318-b9c8-4861-b065-e10b1e7f82e3
647,4,299,2024-04-02,2026-04-02,Approved,7fa1b57b-09f0-4769-9cef-a10dde138f4f
648,12,136,2023-10-03,2025-10-03,Approved,963f406a-44c6-4f23-a643-347fa6417c0b
649,48,324,2023-10-08,2025-10-08,Rejected,00704f03-57e1-48f4-a21f-f7a489f9eecb
650,10,305,2023-06-26,2025-06-26,Approved,649ef2dc-347b-45a8-b01d-ab8c85b8abc2
651,1,412,2023-05-06,2025-05-06,Rejected,2b52eb89-63ba-4fde-ba82-367f64af30b3
652,14,467,2023-05-12,2025-05-12,Pending,9c9b6318-2c76-4e6b-bd15-88fedc1008a6
653,18,143,2023-10-28,2025-10-28,Rejected,eae33cf2-27c3-4e8f-bc13-3d321dcec781
654,33,286,2023-12-07,2025-12-07,Approved,bc776213-48df-4a71-9497-19faf3bf9581
655,34,96,2023-05-27,2025-05-27,Approved,5a21a6bf-39de-49d8-b8a1-b5aa12a089d9
656,19,289,2024-02-19,2026-02-19,Pending,e5645467-b8c3-4114-9992-473e4412ce2f
657,5,69,2024-02-17,2026-02-17,Rejected,1907d1b1-c84c-4c37-a012-5d1f9f00aa13
658,26,193,2023-10-02,2025-10-02,Pending,11d9f5c4-a19f-4aee-a5dd-943e9afc1a53
660,35,158,2024-01-11,2026-01-11,Pending,97f6c58c-bb46-4f07-8bec-41a960134b5c
661,8,303,2023-05-03,2025-05-03,Approved,695d1ece-398d-40b5-8ed6-6e0a8600b4f2
662,16,148,2023-09-15,2025-09-15,Pending,b3a488ab-bb39-445a-9cb1-94e28b8d731e
663,30,32,2023-09-23,2025-09-23,Approved,54f08830-9187-4abd-bd38-0fc3e1a09b45
664,40,67,2023-05-02,2025-05-02,Rejected,84499e17-889f-4d2c-b699-9b5faf88c9ff
665,32,60,2024-03-15,2026-03-15,Rejected,9838d487-6e03-4217-a592-501be5a15c59
666,3,308,2023-07-29,2025-07-29,Pending,35f7c6f0-06ae-4b73-90e9-5ec8555f6a48
667,7,496,2024-03-31,2026-03-31,Rejected,4b6ec576-ebfd-4f06-a6ae-653c76418a18
668,31,168,2024-03-17,2026-03-17,Approved,80304fcb-5daf-4db2-a10d-4b22a2fdb8af
669,15,265,2023-11-23,2025-11-23,Pending,5ba4e5ae-add4-4289-991b-4da6f5096b01
670,38,493,2024-02-26,2026-02-26,Approved,e165e950-7970-4558-a378-c6c7231373aa
672,6,384,2023-09-16,2025-09-16,Approved,eac53367-4d8c-452d-ab1b-52ae07af641a
673,24,480,2023-06-09,2025-06-09,Pending,deb301f5-059e-4470-8a52-a1eea2895af8
674,45,427,2023-09-29,2025-09-29,Pending,1feaa514-4387-41c6-99ce-5a3d0bfbef7f
675,49,497,2023-11-26,2025-11-26,Rejected,8ef4b79c-b567-4c69-a315-1e4db299169f
676,4,163,2024-03-11,2026-03-11,Pending,9f2e53c6-b242-4d6f-8b63-7ac58e594c0d
677,12,316,2023-11-07,2025-11-07,Rejected,2da9dea6-4760-4cf9-8b0b-f1d69272c2e7
678,22,35,2023-04-12,2025-04-12,Rejected,a85a62fa-d0b9-4204-ad06-cd25b5c9f655
679,48,173,2023-06-23,2025-06-23,Approved,5b248f3b-4e20-420e-b129-e557bf6a49c0
680,47,122,2023-12-24,2025-12-24,Approved,f40c167e-2412-43c0-9d1a-2aff6eda6f76
681,20,343,2023-04-28,2025-04-28,Rejected,39af7082-d7b8-4e4e-8971-5f5fb9d8668f
682,23,40,2023-09-25,2025-09-25,Pending,5e95b954-c497-4266-8457-a7c413ff36f7
683,2,292,2023-06-02,2025-06-02,Pending,59459782-f804-40f2-80f6-79d76be1e124
684,29,508,2023-10-19,2025-10-19,Pending,66e34092-d1ab-4aff-ad6e-2feb930e28c0
685,27,487,2023-09-22,2025-09-22,Rejected,d818a655-f2d3-41b7-9500-cf02a73bc836
687,28,30,2024-01-07,2026-01-07,Rejected,a3a92567-7f8a-4039-92b0-222bc71c7f8d
688,1,298,2024-02-10,2026-02-10,Rejected,d9810d51-4f45-42e1-8d3b-aacffae43fd1
689,42,174,2023-07-27,2025-07-27,Approved,c67bb567-533b-41de-9f0a-c631e2d4568c
690,9,506,2023-05-30,2025-05-30,Pending,b5330ea3-2068-4b55-a21f-80e9610a1110
691,17,405,2023-07-11,2025-07-11,Pending,de445754-9bd7-43f8-9c5a-35fe89cc8608
692,11,271,2024-02-18,2026-02-18,Pending,81bcf657-bc50-4e39-a784-83dbe86d397a
694,13,502,2023-04-13,2025-04-13,Pending,2af425c8-ed5b-4e94-8349-39d21df9e1c4
695,39,51,2024-01-13,2026-01-13,Pending,437f0b3d-7788-4202-83f9-334000d7a592
696,50,136,2023-10-25,2025-10-25,Pending,3ad97818-af6c-4a65-b993-5a5affdd1e7e
697,37,88,2023-06-27,2025-06-27,Pending,514bc8fe-c1d2-45df-982f-d8faa761f5fd
698,44,486,2023-11-20,2025-11-20,Approved,67c3ea54-344b-4756-aafa-eda080d3952b
700,21,423,2023-11-07,2025-11-07,Rejected,98111db2-56ed-4c5a-8cef-48418d6ce374
701,18,296,2023-05-08,2025-05-08,Pending,84177275-b177-43be-8fc7-10fe08875443
702,28,238,2023-12-25,2025-12-25,Pending,79db7098-d9dc-4e75-b12a-d5c166172803
703,39,338,2023-12-01,2025-12-01,Pending,9985b0c6-5610-49b8-9f14-551d04883701
704,29,231,2023-12-24,2025-12-24,Pending,d4de34fd-f8a3-4831-8430-790f8f06403f
705,42,218,2023-05-19,2025-05-19,Pending,405a8b50-21ef-483f-8fd3-599b98dab3d3
706,35,278,2023-10-10,2025-10-10,Pending,0b687993-d322-4707-8f39-697d269e47b0
707,12,300,2024-02-14,2026-02-14,Pending,f5c8fb6f-7792-4781-97e3-1b120a1efc74
708,38,232,2024-02-03,2026-02-03,Pending,9d1ac545-1b6c-4ecb-bb4d-862f00f7fa84
709,22,106,2023-07-07,2025-07-07,Pending,5b456682-931b-4c30-9c97-77d47a93f5c5
710,24,264,2023-07-05,2025-07-05,Pending,b2acac0a-775b-471f-9dd4-19d3d29016f5
711,27,272,2023-11-10,2025-11-10,Pending,3445ba2e-84a2-4ce0-a630-2d9084c2ef0c
712,20,206,2023-10-11,2025-10-11,Pending,f9a97835-9e53-4943-b7e0-dd628915de19
713,32,425,2023-08-05,2025-08-05,Pending,5e96cdec-ccf4-49ec-8f29-b99b9a25c17a
714,15,25,2023-05-08,2025-05-08,Pending,425d537f-ed19-4dac-bd41-22df15e9746f
715,31,124,2024-01-15,2026-01-15,Pending,7e2b19d0-0b73-4b3a-b57e-06e01cffb491
716,41,472,2023-11-27,2025-11-27,Pending,0d75749f-0899-4c60-8d85-3d7b9974b437
717,4,46,2024-03-03,2026-03-03,Pending,2a15bcc8-b7b3-4ee3-afe8-4c61d4ca0f70
718,34,139,2023-12-10,2025-12-10,Pending,80bf41f3-4e05-48b9-bf83-6477a41e34f6
719,21,439,2023-10-29,2025-10-29,Pending,e347d2f4-e99d-4d8f-8d31-0f0ab0720279
720,37,260,2023-05-23,2025-05-23,Pending,a2e1cbd1-296c-4bce-b2a4-bb96d4a1e2c4
721,36,276,2023-09-17,2025-09-17,Pending,30da65b2-2e28-486e-8613-0245e1c46565
722,49,433,2023-05-27,2025-05-27,Pending,3a6ac7e2-64a3-4f9d-8ebb-581f320d5597
723,6,175,2024-02-13,2026-02-13,Pending,c873b162-a68f-4880-ade6-3c088f0a7ca8
724,3,94,2023-04-17,2025-04-17,Pending,e6d2e251-e410-4383-9b3e-4634811506bf
725,30,129,2023-06-05,2025-06-05,Pending,c2c0012f-2b1f-43f3-91a0-b0e3ba252c40
726,50,421,2023-08-14,2025-08-14,Pending,73e34631-43b9-4541-81a2-0ace55afd3f1
727,44,480,2024-04-03,2026-04-03,Pending,afd86f0c-ebdb-42a7-887f-fab6ecc1d3ec
728,47,247,2023-10-25,2025-10-25,Pending,d358be31-487d-48d9-92bd-13d1a2675147
729,19,479,2024-02-10,2026-02-10,Pending,568f0d11-8c27-498c-95d7-278e2a341aac
730,2,174,2023-04-07,2025-04-07,Pending,19577632-a97a-43b8-9b61-bb4e0f0dcb81
731,9,224,2023-11-15,2025-11-15,Pending,83c7c173-6d61-4ef0-9f9f-4e99f279ea74
732,8,475,2023-12-03,2025-12-03,Pending,a3979da4-cd85-476a-85d0-0480674deed7
733,48,481,2023-07-16,2025-07-16,Pending,f9bfebf4-a11d-430d-b955-a799aee1f443
734,17,133,2023-06-17,2025-06-17,Pending,2a16b855-db6d-4cc2-a213-208089bdf7bd
735,26,317,2023-06-18,2025-06-18,Pending,5a98d57f-abb1-4341-a822-2fc22cb178df
736,10,70,2023-09-18,2025-09-18,Pending,81119c62-9fa2-44ec-930e-77508e1d1fed
737,5,143,2024-03-02,2026-03-02,Pending,d5cc63e6-9b89-4484-b877-aef34e763d26
738,46,271,2023-10-05,2025-10-05,Pending,4b7b9084-555c-4f88-80b5-6bace41fd6fa
739,25,492,2023-12-06,2025-12-06,Pending,eb5ff3f1-40ff-4748-b761-1df754ba8de9
740,43,443,2023-04-22,2025-04-22,Pending,3f98af6b-3b1a-4dab-aa9e-095713f8ac7a
741,14,199,2024-03-18,2026-03-18,Pending,ab211b4b-85db-429c-aa89-4c3d214677ba
743,13,204,2023-10-04,2025-10-04,Pending,ad65daa6-a7ef-4b13-a92f-bffd9972558c
744,11,474,2023-10-05,2025-10-05,Pending,3f590006-51c7-4ba9-bb7d-8533e79c7c65
745,23,93,2023-04-13,2025-04-13,Pending,d5f72c31-213b-49ba-95a9-6473ae6ed931
746,33,431,2023-07-07,2025-07-07,Pending,ad21f488-34e9-45da-817b-9f3c2800e7c6
747,16,346,2023-12-16,2025-12-16,Pending,786e2c5c-1d2e-411f-b92f-46e8b2b2c3f5
748,45,319,2024-02-29,2026-02-28,Pending,060224e6-7ead-4e1f-9e39-c73aef3b7e99
749,1,369,2023-04-20,2025-04-20,Pending,5d2019a4-14ad-400c-a01e-c422147fae4a
750,40,84,2023-07-28,2025-07-28,Pending,ec4cd726-2f9d-449d-902e-0e0a5a7adf23
751,27,61,2024-04-01,2026-04-01,Pending,736f03ae-e916-4913-8c30-87d2ec63b188
752,33,427,2023-12-30,2025-12-30,Pending,6ee65fd2-3d0d-46be-84db-3153fb15ec38
753,3,269,2023-05-10,2025-05-10,Pending,959c4f4e-2b1c-4aec-a1fc-f7309265330b
754,8,53,2023-06-03,2025-06-03,Pending,20f8b604-a3a8-4d62-b3e5-fc59d85687f3
755,4,285,2023-12-28,2025-12-28,Pending,4d5945c9-bf0b-4d7d-ab34-fcfbeb002179
756,44,22,2023-06-17,2025-06-17,Pending,ce51de40-05d5-4881-b8d7-76a45e9e1a40
757,23,202,2023-09-06,2025-09-06,Pending,a641f63e-66c6-49e8-88d0-ba5dfe2d4a53
758,11,393,2024-03-31,2026-03-31,Pending,67915819-d0d9-4c1e-8391-187e5ea84d78
759,49,237,2023-05-20,2025-05-20,Pending,fd99cf1e-99d1-44ba-a632-e22b617a88e5
760,6,148,2024-01-29,2026-01-29,Pending,f0126731-ff95-4874-afd6-9ded23cc9f2b
761,38,212,2023-08-02,2025-08-02,Pending,5026028c-d683-4f6a-92d1-ed6fa558ec14
762,25,301,2023-08-12,2025-08-12,Pending,496f5212-11f9-4c93-a155-acaac62375d4
763,42,33,2023-10-22,2025-10-22,Pending,93f812d6-171a-48b5-a0ab-da4b25ef1bea
764,21,59,2023-09-25,2025-09-25,Pending,9441c238-2aef-4a1e-a1f3-c661b6ec4b3c
765,26,127,2023-10-24,2025-10-24,Pending,0841020e-ef28-4c99-82c1-df6dfc9ddd3d
766,13,383,2024-01-29,2026-01-29,Pending,29a22b03-bd59-4c7f-abf0-a509e3f81693
767,5,336,2023-04-29,2025-04-29,Pending,6c835039-12ea-490f-b5e7-a7f4bad33966
768,46,73,2023-08-01,2025-08-01,Pending,a1b9140e-3730-4678-bce1-cdc7d4c9e038
769,35,83,2024-03-08,2026-03-08,Pending,6df259ad-859d-4a29-8d62-8403dc12c778
770,48,91,2023-09-06,2025-09-06,Pending,37788da5-d638-4f7d-8750-bfb976d715ba
771,50,153,2023-10-29,2025-10-29,Pending,2aa77d59-6a41-4c29-b3fe-3cdefb3b4e8a
772,32,348,2024-03-08,2026-03-08,Pending,ab9da35b-4ff9-49f7-8bed-ad2235f8e849
773,45,210,2023-10-14,2025-10-14,Pending,015248b9-a563-416b-9ebb-d3330e75d83c
774,15,298,2023-07-05,2025-07-05,Pending,bee6a5f5-b2d5-4028-9471-36570cd02008
775,14,99,2023-06-06,2025-06-06,Pending,b0239486-d59c-4a7d-aeae-52b3a6be73e5
776,43,349,2023-08-10,2025-08-10,Pending,d23035b0-26b5-40b2-b1c9-287bf846613a
777,37,64,2024-02-25,2026-02-25,Pending,727a405c-2137-4280-8a16-08361b764f03
778,7,179,2023-10-01,2025-10-01,Pending,26d92428-deb0-478e-be72-c1eac15b4335
779,41,294,2023-10-28,2025-10-28,Pending,b5544894-32ca-4076-bb96-862a7c08e619
780,31,440,2024-02-18,2026-02-18,Pending,e533b89f-f314-47d8-b251-134fc6786145
781,2,291,2023-06-01,2025-06-01,Pending,981580fc-21d1-4338-b154-243284282095
782,17,438,2023-10-02,2025-10-02,Pending,49fbbfc0-e719-4f11-954e-82c00c1c44ef
783,10,78,2023-05-15,2025-05-15,Pending,bc994c8c-f3ed-43c7-868e-3e88c32a100a
784,34,178,2023-12-01,2025-12-01,Pending,f62ae260-17a8-4946-a7f5-bc6c73d60318
785,9,281,2024-02-04,2026-02-04,Pending,db23d1ef-ec47-4329-b558-9677c5f29fed
786,1,154,2023-07-31,2025-07-31,Pending,29fc7be3-b0fb-4f1e-b36e-e2a887e98c66
787,22,345,2024-01-17,2026-01-17,Pending,b503da5c-92b8-4b50-b801-c40e12b1da6c
788,24,412,2023-06-29,2025-06-29,Pending,6c61fd4c-f7f5-448e-ae8d-77b27470504f
789,28,68,2023-08-12,2025-08-12,Pending,5911765f-b954-48f4-bdd6-96c0d95fd041
790,18,429,2023-06-06,2025-06-06,Pending,7d5b5c07-8b2d-4707-b4c0-97785d22b74d
791,47,488,2023-07-06,2025-07-06,Pending,cc3e3ed4-c7e7-4a56-ab0e-a4673d1ddeb8
792,20,273,2024-03-30,2026-03-30,Pending,003f24f3-a28e-48da-a220-59eb39f0e07a
793,40,51,2023-11-15,2025-11-15,Pending,68597510-af3c-497b-9108-ba4d9dc8c124
794,39,119,2023-12-21,2025-12-21,Pending,bcf3b2de-0332-4a16-9cc3-c6a777cd4775
795,12,243,2023-05-01,2025-05-01,Pending,9e4a9436-5539-4a27-9f54-c1f090053da2
796,30,282,2024-01-09,2026-01-09,Pending,c6c1de0c-7e5c-40be-946e-dc271dcd4a7a
797,16,30,2023-11-10,2025-11-10,Pending,acbd5c23-7185-4a67-866d-e7244c58d6d7
798,29,386,2023-04-11,2025-04-11,Pending,2269db2e-5287-467d-ac4c-8d29fe9a4cff
799,36,496,2023-05-27,2025-05-27,Pending,5555bbcc-0352-4daa-a899-d636852c9aaa
800,19,478,2024-02-04,2026-02-04,Pending,35d712b1-de65-460a-a35e-788741fb6b15
801,23,49,2023-11-06,2025-11-06,Pending,37147408-437c-4455-8920-13877b0404f2
802,7,365,2024-03-28,2026-03-28,Pending,ba9e54e9-b53c-45fd-aa21-0cc488511cbb
803,4,418,2023-10-18,2025-10-18,Pending,928fbd83-7a8d-44e8-a684-f8f56c6e8024
804,49,354,2023-09-16,2025-09-16,Pending,e1d59f2f-597e-4bc2-b67b-afa22e0c3b74
805,38,510,2023-10-20,2025-10-20,Pending,0f728fc3-71bb-4500-bc05-914dd76b16d1
806,50,505,2023-06-04,2025-06-04,Pending,64ff62fe-a31d-401c-be29-f590759cac96
807,3,467,2023-07-23,2025-07-23,Pending,b4490b5a-f6e9-48e8-8211-eeb5a69aeb1f
808,20,398,2023-09-01,2025-09-01,Pending,7cc58499-c00d-48b2-8d97-58ab6736d6fb
809,40,378,2023-09-22,2025-09-22,Pending,7ff8b653-3553-4830-99ab-afec35058285
810,21,461,2024-01-16,2026-01-16,Pending,e5c0caa9-4db6-4019-b254-e61f74ca724b
811,25,27,2023-07-04,2025-07-04,Pending,7ba49d7a-0c65-4222-9a2c-0993adeb6ade
812,45,15,2023-11-13,2025-11-13,Pending,d311e2ff-c582-47ec-98a5-8495a2d466bc
813,46,13,2024-03-26,2026-03-26,Pending,5ee582bd-5280-43ce-be54-89a24e7e0406
814,9,74,2023-09-25,2025-09-25,Pending,4a90d3f9-ba70-4edc-9291-004b9b86200a
815,13,56,2023-08-28,2025-08-28,Pending,044e3f83-42e6-4114-a4d5-56ef54fbf9e0
816,16,407,2024-01-28,2026-01-28,Pending,9e84731b-72a5-492d-9184-4cd89296919b
817,18,54,2023-07-01,2025-07-01,Pending,afc5849a-0f88-46a9-b846-cf45731b4300
818,32,209,2023-11-20,2025-11-20,Pending,1d9c60d4-f8dd-4ddc-b605-a0da7a8305e5
819,48,473,2024-04-03,2026-04-03,Pending,399247c0-d48f-4a04-b564-ef3a17a94407
820,11,17,2023-10-15,2025-10-15,Pending,3e892334-47dc-4bd2-9bd2-8916d5704b64
821,43,97,2023-10-02,2025-10-02,Pending,06f7b7b3-c334-4840-a793-29b83a84c526
822,42,137,2023-09-30,2025-09-30,Pending,85f7788a-fd38-4f3a-8d0a-14c17700ed96
823,29,370,2023-10-14,2025-10-14,Pending,b01e9f0b-89cd-4286-b587-d96ba639295c
824,28,50,2023-09-10,2025-09-10,Pending,cd1a8690-5d6e-4b8d-9392-18ed341e4778
825,8,77,2023-04-15,2025-04-15,Pending,a469990b-7dcf-4b34-923c-0783a908b4b3
826,6,245,2023-06-08,2025-06-08,Pending,c08c543e-b0b8-4649-a05e-0703c151d455
827,30,500,2023-04-22,2025-04-22,Pending,384d4a58-5dbe-46b2-a4f4-151af20d0326
828,37,259,2023-05-24,2025-05-24,Pending,80fdc8bf-c243-456d-bf87-93c9fd8f53d5
829,10,312,2023-10-20,2025-10-20,Pending,204cbc8e-5c28-43f7-b066-52dc63377194
830,1,19,2023-11-01,2025-11-01,Pending,e3a1ebd6-ef3a-4e51-880f-056beeb28fa0
831,17,241,2024-01-29,2026-01-29,Pending,35607105-acce-45e5-9478-785ea2c0adab
832,14,437,2023-11-29,2025-11-29,Pending,1d550aa0-888a-4aa5-a34e-e3a3c5e915e8
833,31,71,2023-12-22,2025-12-22,Pending,e7150f4c-d5c8-47aa-91ba-3a37157c60f2
834,36,362,2023-09-06,2025-09-06,Pending,9ec9f2f8-1439-4cd0-b2ff-6c85258cbf7f
835,2,12,2024-02-11,2026-02-11,Pending,a478f3ec-8bfa-4ae4-8fa8-ba106981c48f
836,15,302,2023-05-04,2025-05-04,Pending,5ec74ac7-bab8-44d4-be0b-a5c7b12372c5
837,12,132,2024-03-20,2026-03-20,Pending,a996f0be-541a-4e04-836b-694b07a213da
838,27,186,2023-11-11,2025-11-11,Pending,56a05c6a-1a2d-4892-b3c4-24199ff49006
839,26,408,2023-12-23,2025-12-23,Pending,63c3f9e0-009c-4695-8430-d0607ae81464
840,33,205,2023-05-19,2025-05-19,Pending,609b1b71-3958-4ff4-abe8-7a396a1ab059
841,34,381,2023-10-28,2025-10-28,Pending,a9f81058-be9d-44fe-a4d1-f43311472f78
842,39,286,2023-05-15,2025-05-15,Pending,bfbc161d-29fe-42ba-a280-25d3f8fb6470
843,24,299,2023-09-26,2025-09-26,Pending,65f98eb5-c76f-4f55-8399-44b2851c8a28
844,19,460,2023-05-10,2025-05-10,Pending,c7e97e94-bf22-439b-a702-b7708b730a88
845,44,506,2023-04-14,2025-04-14,Pending,6c083a52-f2ea-4170-bcb6-833ba004f198
847,5,233,2024-03-03,2026-03-03,Pending,3b266761-3626-4690-a38a-e7c00455faaf
848,22,159,2023-09-28,2025-09-28,Pending,31852737-3936-4e5a-a6ed-22b78b24cf4e
849,35,256,2023-04-19,2025-04-19,Pending,c27cef01-3637-462a-9604-ec3b82941dc7
850,41,166,2024-01-27,2026-01-27,Pending,af66996e-b8e7-4573-9de7-d018829c7266
851,30,498,2023-07-22,2025-07-22,Pending,1de1e958-a8f2-4528-bdb7-c716e948e841
852,18,501,2023-11-07,2025-11-07,Pending,0dc7f013-9c84-45ee-9272-1e73b7a8cfc5
854,26,324,2023-11-18,2025-11-18,Pending,f4cf8949-7443-44bd-a4a4-f13ebbe21463
855,36,341,2024-02-09,2026-02-09,Pending,c45fea6e-7659-4b80-b84e-1cd48b6c161c
856,48,101,2023-05-20,2025-05-20,Pending,0a918776-308c-423b-bbed-a49fabfb49e5
857,28,140,2023-12-07,2025-12-07,Pending,141d1667-ad4d-483f-aa7d-edc942a64388
858,38,490,2023-11-22,2025-11-22,Pending,68c1e2eb-3649-4349-b644-3056209e10b6
859,15,335,2023-07-23,2025-07-23,Pending,6aa3100b-9746-42c7-9f59-4e239230a5ae
860,40,468,2023-04-29,2025-04-29,Pending,0228d190-8cdd-4ffe-8900-5bce94b37a05
861,21,190,2023-12-05,2025-12-05,Pending,11d0812a-ab74-462b-8835-392aa34a2339
862,16,405,2024-02-06,2026-02-06,Pending,e1a7e4b0-b675-4b3d-9418-12e0db9bc1c1
863,41,125,2024-01-17,2026-01-17,Pending,2b052aae-782b-4597-a7e7-ef93c49fbf55
864,19,69,2023-06-29,2025-06-29,Pending,1935a057-4516-4c61-bda0-dce14f61249a
865,20,275,2023-07-06,2025-07-06,Pending,b188eee7-fb02-4995-b8e6-18a9a7572f85
866,11,422,2024-01-02,2026-01-02,Pending,0a6afb1a-8809-4a30-9336-a5950829960f
867,6,226,2023-04-12,2025-04-12,Pending,e03e9fa7-0f1a-45b0-ad86-9277692dffb3
868,8,89,2023-11-20,2025-11-20,Pending,9f036ae6-2aaf-440b-a090-14316785e233
869,14,320,2024-02-09,2026-02-09,Pending,3905e656-b0c1-4169-b228-305f9181bc2a
870,43,400,2023-09-25,2025-09-25,Pending,57b72f13-a828-47af-bb59-1dcd509ed4d5
871,1,244,2023-04-18,2025-04-18,Pending,d728428f-14df-49ea-a56a-a98f4d2a25b2
872,12,211,2023-06-02,2025-06-02,Pending,8c0831f0-01fc-40c4-a426-2134d045f18f
873,32,343,2023-06-03,2025-06-03,Pending,23925152-c8d3-410b-818d-2b25fd0ff155
875,4,35,2023-10-31,2025-10-31,Pending,9a111dd7-bc4b-418f-9054-891038d87548
876,13,112,2023-08-19,2025-08-19,Pending,0528d686-6489-49b9-846f-724c36988607
877,3,187,2024-03-23,2026-03-23,Pending,79aa38e9-23a4-428b-bf36-dada21e5c520
878,17,363,2024-01-10,2026-01-10,Pending,433bd62a-3408-4f15-9558-4c4e06fa90b1
880,47,163,2023-10-06,2025-10-06,Pending,72a4c85e-a02b-41bc-a25b-9fc06a3fe3e6
881,5,353,2024-01-24,2026-01-24,Pending,206c8e70-6df4-4303-b725-dbbe81de3aa2
882,27,450,2023-09-19,2025-09-19,Pending,a2fae45c-aaaf-49ae-887d-464574616d58
883,25,434,2024-02-11,2026-02-11,Pending,aea299e5-e319-4fa5-8daa-7658d0e4f504
884,49,402,2023-04-10,2025-04-10,Pending,9375197d-2871-4c6e-bd3e-c147672dcb4f
885,10,75,2023-11-28,2025-11-28,Pending,e968cca4-bc22-434e-95bd-cfe2abb1422a
886,2,207,2023-10-05,2025-10-05,Pending,d199eb32-fda7-4ea0-aa4e-f5567850e2a2
887,35,397,2023-06-05,2025-06-05,Pending,5b81cef1-003a-43cb-8a50-208d1b1540b5
888,33,240,2023-08-05,2025-08-05,Pending,525126f0-e5af-4cc8-9415-2c1f3f1e14b7
889,23,203,2023-06-13,2025-06-13,Pending,33f4d05e-f12d-4683-91c9-fba48f9c5b2d
890,7,459,2024-01-16,2026-01-16,Pending,13444dac-3530-4df9-a505-49a4c023e6fa
891,31,359,2023-06-01,2025-06-01,Pending,59bfa4b4-f079-4439-9886-4ad54ea86bb8
892,45,373,2024-02-18,2026-02-18,Pending,b1c7c9ea-37e2-4a6e-b1e8-3227a8431250
893,9,100,2023-07-27,2025-07-27,Pending,47c53bf9-14e6-4ad6-8d6e-841abaed4214
894,39,503,2024-03-12,2026-03-12,Pending,68c1668a-39a5-4442-b74c-30063bf0931f
895,24,168,2023-12-19,2025-12-19,Pending,c0c75db5-6ef6-4cde-a358-ccc9a4f29124
896,42,162,2023-05-28,2025-05-28,Pending,7eca667a-4205-4032-be2b-0428ebe8267e
897,44,251,2023-08-01,2025-08-01,Pending,cc1a6817-c7de-4424-b959-7978f1d62551
898,37,144,2023-05-31,2025-05-31,Pending,d17d7acc-8f14-400d-8999-b5221dba90e0
899,46,368,2023-09-13,2025-09-13,Pending,c879e817-fb60-43ff-8276-c794576b3b23
900,34,274,2023-11-09,2025-11-09,Pending,d3c66551-4963-461c-a553-371988ed3f04
901,7,442,2023-06-16,2025-06-16,Pending,3428708c-dea6-4620-8156-1aa90cc28cde
902,33,509,2023-11-15,2025-11-15,Pending,03b47993-c287-4341-8d40-8b29c1795218
903,40,18,2023-09-15,2025-09-15,Pending,10c93dca-2150-4df1-a2ce-21362c5f3ec7
904,16,236,2023-12-21,2025-12-21,Pending,5c267244-bc80-4beb-84ce-6602a6b44e22
906,48,221,2024-01-16,2026-01-16,Pending,10d382ba-df20-437a-8391-844816c00135
907,47,216,2024-01-22,2026-01-22,Pending,f87466b7-9942-44e9-8357-81dab5723d6a
908,49,330,2023-09-25,2025-09-25,Pending,2646c314-9071-4f1d-8ebf-fba11930f9ae
909,8,223,2023-12-17,2025-12-17,Pending,53e23f16-c5a2-4a66-b475-9ec0f67acd6e
910,41,428,2023-04-27,2025-04-27,Pending,c075c24a-4636-417b-a161-e811cec69fc8
911,27,323,2023-08-22,2025-08-22,Pending,44cf1a9c-44aa-446c-8df7-f020d2de0ca1
913,36,227,2023-12-04,2025-12-04,Pending,1090915a-a73a-4fee-8cc2-2e9f9d9c2c60
914,17,340,2024-03-11,2026-03-11,Pending,f785b049-7d6b-4363-a678-04729821302a
915,1,267,2023-11-27,2025-11-27,Pending,e9ead06b-172d-4e9e-8c98-f38fb1a7624c
916,35,403,2023-07-14,2025-07-14,Pending,be557555-d2f7-436c-b638-282c2bcdf082
917,28,250,2023-05-14,2025-05-14,Pending,e3bd0ad9-465e-436c-bb60-1bc57fffee6d
918,18,173,2024-01-26,2026-01-26,Pending,c258e059-cdb6-411e-b03c-ef4d0f8eed97
919,37,263,2023-08-01,2025-08-01,Pending,c49fbcd5-f27c-4356-90cb-2881a02ab174
920,10,188,2023-08-30,2025-08-30,Pending,5a1bd186-769c-4cec-bf10-f6efae711cf0
921,9,292,2024-01-30,2026-01-30,Pending,c4bc3518-5b50-48fa-8fca-e3dd2b785963
922,34,424,2023-05-23,2025-05-23,Pending,90857238-ca92-4444-a2ea-003fd799c97d
923,45,121,2024-01-29,2026-01-29,Pending,10d9c57c-0647-458e-a4f8-ab3e3e233f50
924,3,318,2023-09-25,2025-09-25,Pending,ac39d011-9dcd-4e6a-9fca-9f0f7e94802a
925,13,415,2023-09-04,2025-09-04,Pending,8bd8b712-2e9b-4abc-8f09-ff9d9f8672ca
926,11,62,2023-07-29,2025-07-29,Pending,f70d395a-08f8-40fc-a334-32ecb81e937b
927,26,287,2023-12-29,2025-12-29,Pending,7c5686d9-c046-48c9-83e2-654a71978504
928,32,360,2023-05-03,2025-05-03,Pending,706feeca-7ed9-4551-a60f-0ab072cece4c
929,19,347,2023-11-13,2025-11-13,Pending,c135fa72-5e91-42a8-b596-3c59682e4a0b
930,42,277,2023-04-29,2025-04-29,Pending,1f5a40b0-b6a7-4891-813c-54d2fec235fd
931,46,14,2023-08-26,2025-08-26,Pending,9db9df97-23b3-47fd-9742-c7883f5f1bb3
932,15,352,2024-03-15,2026-03-15,Pending,0ad004ac-0f29-407d-9ebe-6daa8a731c76
933,21,42,2023-10-27,2025-10-27,Pending,61d8c4da-c30c-42bd-bf67-49ac5b8d2324
934,39,375,2024-01-03,2026-01-03,Pending,156f9332-0258-4f08-bab2-1383714e9e29
935,31,180,2023-06-20,2025-06-20,Pending,eafb84c5-b851-4005-861a-104499f411a2
936,4,313,2024-02-16,2026-02-16,Pending,bcf46b8d-37df-48ad-82f4-ac6737238f3d
937,2,372,2023-09-28,2025-09-28,Pending,594ff3e3-9def-4334-8d7e-72ba88e678fe
938,12,454,2023-06-29,2025-06-29,Pending,caac56f3-2485-46f3-b350-baa6a309116d
939,5,327,2024-03-12,2026-03-12,Pending,8ec0881e-f2b5-4f64-9447-35c816e34fd4
940,22,80,2023-05-01,2025-05-01,Pending,e4bbcdda-b437-4d54-a3e2-49fe16b19486
941,50,170,2023-06-15,2025-06-15,Pending,c3871821-933e-4297-b692-1f2c772c6768
942,24,29,2024-02-15,2026-02-15,Pending,9560947f-fbfa-4665-8c40-5752608c0d7e
943,38,184,2024-02-21,2026-02-21,Pending,888a09a0-e252-4400-b5be-c7b537c1c80d
944,23,134,2024-04-01,2026-04-01,Pending,905f8d05-4823-4d1a-b57a-2e1d4b320440
945,30,367,2023-12-29,2025-12-29,Pending,9fa50e19-a9fb-4dc2-a993-0a6325ae0c5b
946,20,185,2024-02-10,2026-02-10,Pending,b0e192b9-f660-4a8a-b5a3-7d181be429ac
947,43,426,2024-01-09,2026-01-09,Pending,f55dbf7a-a509-450d-99b1-de554f5cbb57
948,25,131,2023-12-31,2025-12-31,Pending,80d78cc9-3c17-4532-8a74-3dccae6412ef
949,14,254,2023-05-29,2025-05-29,Pending,8451502d-34f1-4c5c-b540-3ce642f64d66
950,6,265,2024-01-30,2026-01-30,Pending,5539cbb8-cd02-427c-9aa1-d3af7a128d79
951,27,364,2023-11-06,2025-11-06,Pending,da4e030e-b06c-4817-8c48-d423b6e8f8e8
952,22,160,2023-05-12,2025-05-12,Pending,575b57c1-b5c6-482f-b5f1-14355850118f
953,11,158,2023-08-03,2025-08-03,Pending,2e93ab5d-2613-4610-975c-773ad41bcc27
954,42,11,2023-10-13,2025-10-13,Pending,9fedf74b-3d5a-4e5a-b7b5-b196c016e357
955,29,484,2023-10-27,2025-10-27,Pending,87d9c8c2-e675-4487-9f27-39c8e6936007
956,21,86,2023-05-12,2025-05-12,Pending,cceede86-7f01-4a33-80dc-f1a645665600
957,13,395,2023-10-02,2025-10-02,Pending,c461c746-9d8c-427d-9826-39d356b8e668
958,2,447,2024-03-18,2026-03-18,Pending,f673ddc8-019b-434b-b897-760a32b2a414
959,48,88,2024-02-18,2026-02-18,Pending,2a3296b4-d458-4c91-9a64-de14daff4dbd
960,38,72,2024-04-04,2026-04-04,Pending,db72db30-4349-44ef-8d89-3c8bee3fb049
961,15,389,2024-04-04,2026-04-04,Pending,321f8649-34aa-40e8-bffe-0a70fdba18fd
963,50,258,2023-08-17,2025-08-17,Pending,093fdaf8-06ea-4ef8-afe9-eb42e82992c6
964,8,380,2023-10-31,2025-10-31,Pending,36a92425-8d85-465b-b23d-9997d0f9bd4a
965,23,361,2023-11-10,2025-11-10,Pending,9ed77a0f-420f-4fef-b886-3232211e29bf
966,26,417,2023-09-09,2025-09-09,Pending,692793e3-2e2a-4071-8cf6-be9d18baace7
967,17,67,2023-09-06,2025-09-06,Pending,e1ad2788-70db-43a1-ac56-ba98febc5156
968,19,92,2023-06-14,2025-06-14,Pending,0e7af8a0-797e-4c32-94db-7bec7e837dda
969,1,213,2024-02-23,2026-02-23,Pending,98e566ce-0f90-407d-a3cb-984d5dc54b18
970,43,136,2023-08-14,2025-08-14,Pending,73b45890-d711-44ac-81aa-c08e9d89ce96
971,14,458,2023-11-16,2025-11-16,Pending,79aa1e70-7ccb-42f7-80b7-ea69c85914f9
972,36,87,2024-02-07,2026-02-07,Pending,d7e49144-7d52-451e-87ac-b6e99d670459
973,44,156,2023-06-25,2025-06-25,Pending,89602a13-daf1-4290-b857-eeaf6521ec36
974,47,350,2023-05-27,2025-05-27,Pending,1381167c-a858-4996-b132-27b243a6e9d5
975,28,321,2023-06-27,2025-06-27,Pending,dfe87f1d-dec5-4f19-9c49-73f589270bb4
976,40,172,2023-09-30,2025-09-30,Pending,dc1877ff-911a-477b-ab8c-be8e5bfa3aa8
977,46,387,2023-12-28,2025-12-28,Pending,fe5eb7af-9c1c-49dd-9ab8-0a3c24663c4f
978,3,279,2023-07-11,2025-07-11,Pending,5744668e-f108-4623-bdec-8e3a11ba694c
979,37,504,2023-05-20,2025-05-20,Pending,2104ca80-60bc-4f15-b409-c24063af1063
980,25,358,2023-11-27,2025-11-27,Pending,00cb077d-d08a-49c1-b11d-3f11d61d4953
981,9,423,2023-07-24,2025-07-24,Pending,428f5517-12fc-488e-b286-cf1db60deee5
982,33,455,2023-10-18,2025-10-18,Pending,649d4772-d189-471f-b4e4-92e05b49dded
983,12,28,2023-08-24,2025-08-24,Pending,5e835f8e-5b2b-4523-913a-92a3e0c83303
984,5,311,2023-09-11,2025-09-11,Pending,1a52b988-6314-428e-b1c6-80672aefea08
985,31,411,2023-04-27,2025-04-27,Pending,cc301ae4-1f3f-49d3-a2a6-4230e5cc828c
986,34,384,2024-03-29,2026-03-29,Pending,2c4e4fd9-9df7-4c86-8d2b-49a71dc30ee5
987,18,280,2023-07-16,2025-07-16,Pending,07e7f029-62ab-4e0c-bb94-cb7cdfccb4f7
988,7,394,2023-10-16,2025-10-16,Pending,b73140d2-5c31-49a1-bc41-63c32d1eb4b0
990,39,164,2024-04-03,2026-04-03,Pending,2df51430-dfdb-4d7b-bf45-9cb84b44d257
991,24,193,2023-12-14,2025-12-14,Pending,5c2268ce-92d2-4a70-abc0-2277e0e7e956
992,35,135,2023-11-12,2025-11-12,Pending,dc8d82d4-5b1d-4777-82d1-0eadd3620372
993,32,334,2023-10-01,2025-10-01,Pending,0049b331-8b9b-4fd6-a7ec-04b3afc568d8
994,49,24,2023-12-26,2025-12-26,Pending,c930c5b8-cc31-42ae-b90f-4fe242c63682
995,30,449,2023-04-10,2025-04-10,Pending,72211466-bf38-4c86-afc4-9717358cba80
996,41,451,2023-08-28,2025-08-28,Pending,078c80b8-816f-400b-b2e3-bac65b3da34e
997,16,252,2024-02-27,2026-02-27,Pending,0fcdb28a-bbff-4fed-a542-8976f87f445c
998,4,391,2024-01-26,2026-01-26,Pending,f2300e88-1cb0-45ca-b041-eea5759149ff
999,6,150,2023-05-04,2025-05-04,Pending,c4ce8497-9c99-427a-bda3-dd8835c3aaf0
1000,20,248,2023-07-27,2025-07-27,Pending,2063c873-513a-49db-8254-47821fc150ac
